county,county_pcode,year,season_basis,yield_t_ha,rain_dekads_available,rain_total_jan_jun_mm,rain_lta_jan_jun_mm,rain_anomaly_pct,rain_mean_dekad_mm,rain_std_dekad_mm,rain_cv,wet_dekads_ge20mm,heavy_dekads_ge50mm,dry_dekads_lt10mm,longest_dry_spell_dekads,rain_onset_doy,county_lat,county_lon,maize_area_ha
Marsabit,KE010,1998,Seasonal aggregate,0.518108,18.0,236.319444,184.486778,28.095599,13.128858,11.192522,0.852513,5.0,0.0,9.0,5.0,182.0,2.86048,37.714884,1850.0
Narok,KE033,1998,Seasonal aggregate,2.97973,18.0,753.303594,591.197598,27.419935,41.8502,29.337822,0.70102,12.0,7.0,2.0,1.0,91.0,-1.279878,35.476358,22200.0
Baringo,KE030,2021,Seasonal aggregate,1.060204,18.0,435.991459,465.744538,-6.388283,24.221748,32.88699,1.357746,6.0,1.0,6.0,3.0,111.0,0.726352,36.018591,31129.0
Bomet,KE036,2021,Seasonal aggregate,1.72044,18.0,994.631587,842.724213,18.025752,55.25731,33.309474,0.602807,17.0,7.0,0.0,0.0,60.0,-0.716095,35.238459,48974.0
Bungoma,KE039,2021,Seasonal aggregate,2.586443,18.0,918.949994,854.742337,7.511931,51.052777,48.514955,0.95029,12.0,6.0,1.0,1.0,80.0,0.785694,34.718757,96010.0
Busia,KE040,2021,Seasonal aggregate,1.233755,18.0,1047.423081,900.425645,16.325328,58.190171,52.0256,0.894062,16.0,8.0,2.0,2.0,80.0,0.375707,34.265111,56000.0
Elgeyo-Marakwet,KE028,2021,Seasonal aggregate,2.993075,18.0,622.474751,657.566659,-5.336631,34.581931,48.57989,1.404777,9.0,2.0,3.0,2.0,91.0,0.745102,35.560856,30349.0
Embu,KE014,2021,Seasonal aggregate,1.111791,18.0,542.340665,525.286081,3.246723,30.130037,34.172998,1.134184,8.0,4.0,7.0,4.0,91.0,-0.53283,37.664629,37446.0
Garissa,KE007,2021,Seasonal aggregate,0.192558,18.0,132.639176,240.279175,-44.797889,7.368843,6.727555,0.912973,3.0,0.0,14.0,9.0,182.0,-0.52049,40.35559,129.0
Homa Bay,KE043,2021,Seasonal aggregate,1.11716,18.0,820.899085,734.102143,11.823551,45.605505,37.059505,0.81261,13.0,6.0,0.0,0.0,60.0,-0.562403,34.314532,76834.0
Isiolo,KE011,2021,Seasonal aggregate,0.218819,18.0,103.840964,173.962088,-40.308279,5.768942,6.050906,1.048876,1.0,0.0,16.0,9.0,182.0,1.006385,38.747651,218.4
Kajiado,KE034,2021,Seasonal aggregate,0.599266,18.0,345.311807,373.466385,-7.538718,19.183989,15.997805,0.833914,7.0,1.0,7.0,4.0,91.0,-2.112369,36.777606,8637.2
Kakamega,KE037,2021,Seasonal aggregate,2.306375,18.0,1082.378941,951.356143,13.772213,60.132163,56.848479,0.945392,16.0,7.0,1.0,1.0,70.0,0.49719,34.800929,95620.0
Kericho,KE035,2021,Seasonal aggregate,2.15941,18.0,934.089534,795.027352,17.491497,51.893863,41.74401,0.804411,16.0,6.0,0.0,0.0,70.0,-0.316683,35.225997,48338.0
Kiambu,KE022,2021,Seasonal aggregate,0.8377,18.0,613.595247,695.396027,-11.763194,34.088625,33.489149,0.982414,12.0,4.0,5.0,3.0,91.0,-1.034385,36.843216,24453.0
Kilifi,KE003,2021,Seasonal aggregate,0.112539,18.0,281.435643,488.607513,-42.400467,15.635314,16.352903,1.045895,4.0,1.0,9.0,9.0,91.0,-3.152441,39.672708,41695.0
Kirinyaga,KE020,2021,Seasonal aggregate,0.967485,18.0,628.312504,646.759723,-2.852252,34.90625,33.095705,0.948131,10.0,5.0,4.0,3.0,80.0,-0.46735,37.301902,27334.0
Kisii,KE045,2021,Seasonal aggregate,1.713083,18.0,1027.925003,925.845013,11.025602,57.106945,40.296022,0.705624,17.0,7.0,0.0,0.0,60.0,-0.736677,34.75351,71965.0
Kisumu,KE042,2021,Seasonal aggregate,0.48676,18.0,993.78262,816.425122,21.72367,55.210146,43.172381,0.781965,15.0,6.0,0.0,0.0,70.0,-0.19438,34.777329,54230.0
Kitui,KE015,2021,Seasonal aggregate,0.303578,18.0,231.798394,272.434005,-14.915763,12.877689,15.762113,1.223986,3.0,1.0,13.0,9.0,91.0,-1.56049,38.37181,77003.0
Kwale,KE002,2021,Seasonal aggregate,0.348431,18.0,415.821567,541.885007,-23.263873,23.101198,28.237591,1.222343,7.0,2.0,6.0,4.0,91.0,-4.120591,39.066136,57908.0
Laikipia,KE031,2021,Seasonal aggregate,1.086175,18.0,325.672181,361.774838,-9.979317,18.092899,16.433498,0.908284,3.0,2.0,7.0,3.0,121.0,0.289134,36.825248,29515.0
Lamu,KE005,2021,Seasonal aggregate,0.431135,18.0,239.339904,534.602138,-55.230276,13.296661,13.327126,1.002291,6.0,1.0,10.0,9.0,121.0,-2.063679,40.54583,24250.0
Machakos,KE016,2021,Seasonal aggregate,0.482465,18.0,412.44335,412.340392,0.024969,22.913519,20.510565,0.895129,7.0,4.0,6.0,3.0,91.0,-1.276237,37.394595,122478.0
Makueni,KE017,2021,Seasonal aggregate,0.354881,18.0,282.894944,334.183265,-15.347364,15.716386,14.923409,0.949545,6.0,1.0,8.0,4.0,80.0,-2.253637,37.876663,103171.0
Mandera,KE009,2021,Seasonal aggregate,0.326821,18.0,200.302847,189.924349,5.464543,11.127936,17.651422,1.586226,4.0,2.0,14.0,9.0,91.0,3.230964,40.711346,2718.0
Marsabit,KE010,2021,Seasonal aggregate,0.191394,18.0,127.025174,184.486778,-31.146733,7.056954,6.671721,0.945411,2.0,0.0,12.0,7.0,182.0,2.86048,37.714884,940.0
Meru,KE012,2021,Seasonal aggregate,0.992919,18.0,499.11894,524.44141,-4.828465,27.72883,30.136672,1.086835,8.0,4.0,8.0,4.0,91.0,0.229055,37.776111,59574.0
Migori,KE044,2021,Seasonal aggregate,1.197344,18.0,786.27585,753.103059,4.404814,43.681992,33.704861,0.771596,12.0,7.0,0.0,0.0,60.0,-1.018704,34.309173,64390.0
Mombasa,KE001,2021,Seasonal aggregate,0.2025,18.0,439.3,734.479994,-40.188977,24.405556,37.056855,1.518378,7.0,1.0,7.0,7.0,101.0,-3.990448,39.70113,260.0
Murang'a,KE021,2021,Seasonal aggregate,0.812482,18.0,630.495801,695.837541,-9.390373,35.027544,30.595418,0.873467,12.0,5.0,4.0,3.0,91.0,-0.828519,37.004173,66720.0
Nairobi,KE047,2021,Seasonal aggregate,0.177085,18.0,468.923084,505.110248,-7.164211,26.051282,25.5037,0.978981,8.0,3.0,6.0,3.0,91.0,-1.300489,36.827926,710.0
Nakuru,KE032,2021,Seasonal aggregate,1.987528,18.0,539.558828,535.090196,0.835118,29.97549,22.895915,0.763821,11.0,2.0,1.0,1.0,91.0,-0.458448,36.100384,81246.0
Nandi,KE029,2021,Seasonal aggregate,2.460873,18.0,983.263724,819.09963,20.042018,54.625762,48.710894,0.89172,16.0,6.0,1.0,1.0,70.0,0.227352,35.123876,76606.0
Narok,KE033,2021,Seasonal aggregate,1.608235,18.0,612.907383,591.197598,3.672171,34.05041,20.078053,0.589657,12.0,4.0,1.0,1.0,80.0,-1.279878,35.476358,124926.0
Nyamira,KE046,2021,Seasonal aggregate,1.825085,18.0,1091.034497,912.7161,19.537115,60.613028,42.490493,0.701013,17.0,7.0,0.0,0.0,60.0,-0.649378,34.933398,61710.0
Nyandarua,KE018,2021,Seasonal aggregate,2.090198,18.0,524.555559,598.53858,-12.36061,29.141976,22.862031,0.784505,10.0,2.0,1.0,1.0,70.0,-0.389093,36.497431,17806.0
Nyeri,KE019,2021,Seasonal aggregate,1.36678,18.0,637.254551,644.133946,-1.068007,35.403031,28.669162,0.809794,11.0,4.0,3.0,3.0,70.0,-0.314375,36.930473,26361.0
Samburu,KE025,2021,Seasonal aggregate,0.471717,18.0,217.299266,270.988171,-19.812269,12.072181,11.671471,0.966807,3.0,1.0,10.0,5.0,121.0,1.541373,36.94154,9938.0
Siaya,KE041,2021,Seasonal aggregate,0.717254,18.0,949.937502,811.19542,17.10341,52.774306,48.253926,0.914345,14.0,6.0,1.0,1.0,70.0,-0.057674,34.199887,70300.0
Taita Taveta,KE006,2021,Seasonal aggregate,0.326657,18.0,249.903746,310.607723,-19.543615,13.883541,14.289594,1.029247,4.0,1.0,10.0,5.0,91.0,-3.405203,38.37176,8975.0
Tana River,KE004,2021,Seasonal aggregate,0.174699,18.0,113.561943,192.080568,-40.877964,6.308997,5.511373,0.873574,1.0,0.0,14.0,9.0,182.0,-1.534918,39.550288,4126.0
Tharaka-Nithi,KE013,2021,Seasonal aggregate,0.732138,18.0,542.714291,547.091662,-0.800117,30.150794,37.910919,1.257377,7.0,4.0,8.0,4.0,91.0,-0.191445,37.960417,22341.0
Trans Nzoia,KE026,2021,Seasonal aggregate,3.878832,18.0,668.822781,634.237966,5.452971,37.156821,44.469171,1.196797,11.0,3.0,3.0,2.0,80.0,1.045915,34.980778,105160.0
Turkana,KE023,2021,Seasonal aggregate,0.411291,18.0,138.939025,172.177661,-19.304848,7.718835,9.236954,1.196677,2.0,0.0,15.0,9.0,182.0,3.162488,35.313492,1216.0
Uasin Gishu,KE027,2021,Seasonal aggregate,3.302838,18.0,624.657654,606.721928,2.956169,34.703203,38.91932,1.121491,10.0,3.0,3.0,2.0,80.0,0.478188,35.303799,104581.0
Vihiga,KE038,2021,Seasonal aggregate,1.395941,18.0,1177.105261,1006.033351,17.004596,65.394737,54.86755,0.839021,17.0,7.0,0.0,0.0,70.0,0.084857,34.707784,22290.0
Wajir,KE008,2021,Seasonal aggregate,0.284173,18.0,127.817197,193.53923,-33.95799,7.100955,11.019157,1.551785,3.0,0.0,15.0,9.0,101.0,1.939715,40.024507,27.8
West Pokot,KE024,2021,Seasonal aggregate,1.8,18.0,401.642851,443.09581,-9.355304,22.313492,34.392663,1.541339,5.0,2.0,8.0,7.0,111.0,1.893374,35.212768,39732.0
Baringo,KE030,2022,Seasonal aggregate,1.30643,18.0,368.062674,465.744538,-20.973271,20.447926,16.939607,0.828427,7.0,1.0,6.0,2.0,111.0,0.726352,36.018591,45498.0
Bomet,KE036,2022,Seasonal aggregate,1.279285,18.0,1153.736847,842.724213,36.905625,64.096491,41.105005,0.641299,15.0,9.0,1.0,1.0,80.0,-0.716095,35.238459,20529.0
Bungoma,KE039,2022,Seasonal aggregate,3.032763,18.0,828.240003,854.742337,-3.100623,46.013333,36.273988,0.788336,12.0,5.0,2.0,1.0,80.0,0.785694,34.718757,95454.0
Busia,KE040,2022,Seasonal aggregate,1.10692,18.0,986.596162,900.425645,9.569976,54.810898,44.343217,0.809022,14.0,7.0,2.0,1.0,80.0,0.375707,34.265111,46086.0
Elgeyo-Marakwet,KE028,2022,Seasonal aggregate,3.128616,18.0,498.313129,657.566659,-24.218614,27.684063,20.691978,0.747433,9.0,3.0,3.0,1.0,80.0,0.745102,35.560856,30358.0
Embu,KE014,2022,Seasonal aggregate,0.447748,18.0,353.219781,525.286081,-32.756684,19.623321,32.105946,1.636112,4.0,2.0,11.0,6.0,80.0,-0.53283,37.664629,35610.0
Garissa,KE007,2022,Seasonal aggregate,0.502472,18.0,150.115463,240.279175,-37.524564,8.339748,8.466584,1.015209,2.0,0.0,14.0,10.0,111.0,-0.52049,40.35559,271.0
Homa Bay,KE043,2022,Seasonal aggregate,1.018707,18.0,995.275226,734.102143,35.577213,55.293068,38.666778,0.699306,14.0,8.0,1.0,1.0,80.0,-0.562403,34.314532,72182.0
Isiolo,KE011,2022,Seasonal aggregate,0.569069,18.0,116.845781,173.962088,-32.832617,6.491432,10.142108,1.562384,1.0,0.0,16.0,10.0,182.0,1.006385,38.747651,66.6
Kajiado,KE034,2022,Seasonal aggregate,0.369984,18.0,264.119379,373.466385,-29.278942,14.673299,14.132401,0.963137,5.0,1.0,9.0,3.0,101.0,-2.112369,36.777606,9729.2
Kakamega,KE037,2022,Seasonal aggregate,2.399005,18.0,988.652632,951.356143,3.92035,54.925146,43.363153,0.789495,14.0,7.0,2.0,1.0,80.0,0.49719,34.800929,83205.0
Kericho,KE035,2022,Seasonal aggregate,2.854522,18.0,912.432846,795.027352,14.767479,50.690714,34.368684,0.678007,14.0,7.0,1.0,1.0,80.0,-0.316683,35.225997,41122.0
Kiambu,KE022,2022,Seasonal aggregate,0.987869,18.0,429.785715,695.396027,-38.195546,23.876984,22.620016,0.947356,8.0,2.0,8.0,3.0,80.0,-1.034385,36.843216,26016.0
Kilifi,KE003,2022,Seasonal aggregate,0.725173,18.0,379.977721,488.607513,-22.232526,21.109873,25.445042,1.205362,6.0,2.0,8.0,8.0,91.0,-3.152441,39.672708,66389.0
Kirinyaga,KE020,2022,Seasonal aggregate,0.770844,18.0,424.937503,646.759723,-34.29747,23.607639,30.33434,1.284937,6.0,2.0,9.0,3.0,80.0,-0.46735,37.301902,35850.0
Kisii,KE045,2022,Seasonal aggregate,1.214652,18.0,1349.449985,925.845013,45.753335,74.969444,45.601161,0.608263,16.0,12.0,0.0,0.0,80.0,-0.736677,34.75351,69760.0
Kisumu,KE042,2022,Seasonal aggregate,0.620879,18.0,1017.347823,816.425122,24.610059,56.519323,43.543086,0.770411,14.0,7.0,2.0,1.0,101.0,-0.19438,34.777329,53750.0
Kitui,KE015,2022,Seasonal aggregate,0.042033,18.0,183.651957,272.434005,-32.58846,10.202887,19.450995,1.906421,2.0,1.0,16.0,10.0,182.0,-1.56049,38.37181,76096.0
Kwale,KE002,2022,Seasonal aggregate,0.72653,18.0,423.059483,541.885007,-21.928181,23.503305,25.568581,1.087872,8.0,2.0,7.0,5.0,91.0,-4.120591,39.066136,56519.0
Laikipia,KE031,2022,Seasonal aggregate,0.442062,18.0,241.880797,361.774838,-33.140514,13.437822,11.598351,0.863112,4.0,1.0,11.0,6.0,101.0,0.289134,36.825248,29988.0
Lamu,KE005,2022,Seasonal aggregate,0.699002,18.0,421.763546,534.602138,-21.107022,23.431308,38.960388,1.662749,8.0,1.0,10.0,10.0,111.0,-2.063679,40.54583,39566.0
Machakos,KE016,2022,Seasonal aggregate,0.183114,18.0,291.128078,412.340392,-29.396177,16.173782,23.844657,1.474278,3.0,1.0,11.0,3.0,80.0,-1.276237,37.394595,123971.0
Makueni,KE017,2022,Seasonal aggregate,0.240625,18.0,227.638126,334.183265,-31.882249,12.646563,20.115472,1.590588,2.0,1.0,14.0,6.0,182.0,-2.253637,37.876663,117049.0
Mandera,KE009,2022,Seasonal aggregate,0.298452,18.0,165.171024,189.924349,-13.033255,9.176168,15.103048,1.645899,3.0,1.0,13.0,8.0,101.0,3.230964,40.711346,2733.0
Marsabit,KE010,2022,Seasonal aggregate,0.127233,18.0,154.087675,184.486778,-16.477659,8.560426,12.07501,1.410562,2.0,1.0,13.0,6.0,101.0,2.86048,37.714884,730.0
Meru,KE012,2022,Seasonal aggregate,0.948714,18.0,312.863434,524.44141,-40.343492,17.381302,23.834628,1.37128,4.0,2.0,11.0,3.0,80.0,0.229055,37.776111,106756.0
Migori,KE044,2022,Seasonal aggregate,1.255105,18.0,1070.057468,753.103059,42.086459,59.447637,35.704313,0.600601,15.0,9.0,0.0,0.0,80.0,-1.018704,34.309173,61857.0
Mombasa,KE001,2022,Seasonal aggregate,0.171207,18.0,536.6,734.479994,-26.941509,29.811111,46.864733,1.572056,8.0,2.0,9.0,9.0,101.0,-3.990448,39.70113,174.0
Murang'a,KE021,2022,Seasonal aggregate,0.603914,18.0,455.546213,695.837541,-34.532677,25.308123,28.424776,1.123148,8.0,2.0,8.0,3.0,80.0,-0.828519,37.004173,65763.0
Nairobi,KE047,2022,Seasonal aggregate,0.344667,18.0,316.461538,505.110248,-37.348027,17.581197,17.491033,0.994872,6.0,1.0,10.0,3.0,80.0,-1.300489,36.827926,857.0
Nakuru,KE032,2022,Seasonal aggregate,2.046269,18.0,493.281524,535.090196,-7.813388,27.404529,18.471905,0.674046,10.0,1.0,3.0,2.0,80.0,-0.458448,36.100384,79005.0
Nandi,KE029,2022,Seasonal aggregate,2.888052,18.0,855.439559,819.09963,4.43657,47.52442,34.78746,0.731991,13.0,7.0,3.0,2.0,80.0,0.227352,35.123876,59812.0
Narok,KE033,2022,Seasonal aggregate,1.13375,18.0,686.837051,591.197598,16.17724,38.157614,22.87503,0.599488,12.0,6.0,1.0,1.0,80.0,-1.279878,35.476358,118190.0
Nyamira,KE046,2022,Seasonal aggregate,0.863953,18.0,1283.206879,912.7161,40.592116,71.289271,46.055124,0.646032,15.0,12.0,1.0,1.0,80.0,-0.649378,34.933398,44839.0
Nyandarua,KE018,2022,Seasonal aggregate,1.5808,18.0,415.935184,598.53858,-30.508208,23.10751,16.663282,0.72112,8.0,2.0,3.0,1.0,80.0,-0.389093,36.497431,16340.0
Nyeri,KE019,2022,Seasonal aggregate,0.29013,18.0,449.836365,644.133946,-30.164158,24.990909,23.687072,0.947828,8.0,2.0,7.0,3.0,80.0,-0.314375,36.930473,28699.0
Samburu,KE025,2022,Seasonal aggregate,0.027626,18.0,214.379563,270.988171,-20.889697,11.909976,15.732045,1.320913,2.0,1.0,12.0,6.0,101.0,1.541373,36.94154,6900.0
Siaya,KE041,2022,Seasonal aggregate,0.957634,18.0,996.9,811.19542,22.892706,55.383333,45.47984,0.821183,14.0,7.0,2.0,1.0,80.0,-0.057674,34.199887,63085.0
Taita Taveta,KE006,2022,Seasonal aggregate,0.294503,18.0,222.270942,310.607723,-28.439982,12.348386,11.200177,0.907016,3.0,0.0,10.0,5.0,101.0,-3.405203,38.37176,11100.0
Tana River,KE004,2022,Seasonal aggregate,1.696227,18.0,114.157895,192.080568,-40.567702,6.342105,5.025003,0.792324,1.0,0.0,15.0,10.0,182.0,-1.534918,39.550288,2751.0
Tharaka-Nithi,KE013,2022,Seasonal aggregate,0.529202,18.0,372.452383,547.091662,-31.921393,20.691799,37.458793,1.810321,3.0,2.0,10.0,3.0,101.0,-0.191445,37.960417,35630.0
Trans Nzoia,KE026,2022,Seasonal aggregate,3.96,18.0,576.113928,634.237966,-9.16439,32.006329,25.818433,0.806666,11.0,3.0,4.0,2.0,80.0,1.045915,34.980778,102900.0
Turkana,KE023,2022,Seasonal aggregate,0.697042,18.0,138.446449,172.177661,-19.590934,7.691469,8.678788,1.128365,1.0,0.0,14.0,8.0,182.0,3.162488,35.313492,1917.0
Uasin Gishu,KE027,2022,Seasonal aggregate,3.6,18.0,500.67568,606.721928,-17.478559,27.815316,20.487546,0.736556,11.0,1.0,4.0,2.0,80.0,0.478188,35.303799,102000.0
Vihiga,KE038,2022,Seasonal aggregate,1.125345,18.0,1196.736855,1006.033351,18.955982,66.485381,54.258679,0.816099,14.0,8.0,3.0,1.0,101.0,0.084857,34.707784,50310.0
Wajir,KE008,2022,Seasonal aggregate,0.27619,18.0,144.70146,193.53923,-25.234042,8.03897,12.916076,1.606683,3.0,1.0,14.0,9.0,111.0,1.939715,40.024507,21.0
West Pokot,KE024,2022,Seasonal aggregate,1.821381,18.0,322.479591,443.09581,-27.22125,17.915533,17.621388,0.983582,5.0,2.0,8.0,3.0,101.0,1.893374,35.212768,36575.0
Baringo,KE030,2023,Seasonal aggregate,1.712949,18.0,451.868946,465.744538,-2.979228,25.10383,29.167277,1.161866,9.0,4.0,8.0,7.0,70.0,0.726352,36.018591,50761.0
Bomet,KE036,2023,Seasonal aggregate,2.209616,18.0,918.663176,842.724213,9.011129,51.036843,41.150419,0.806288,12.0,9.0,6.0,6.0,60.0,-0.716095,35.238459,26342.0
Bungoma,KE039,2023,Seasonal aggregate,3.003055,18.0,865.999989,854.742337,1.317081,48.11111,37.363546,0.77661,12.0,10.0,5.0,5.0,70.0,0.785694,34.718757,96339.0
Busia,KE040,2023,Seasonal aggregate,0.933208,18.0,993.961535,900.425645,10.387964,55.220085,43.830027,0.793733,12.0,10.0,5.0,5.0,70.0,0.375707,34.265111,46900.0
Elgeyo-Marakwet,KE028,2023,Seasonal aggregate,3.00758,18.0,617.484857,657.566659,-6.095474,34.304714,38.911174,1.134281,10.0,4.0,7.0,6.0,70.0,0.745102,35.560856,31651.0
Embu,KE014,2023,Seasonal aggregate,0.77165,18.0,575.329666,525.286081,9.52692,31.962759,44.973192,1.40705,6.0,4.0,10.0,7.0,80.0,-0.53283,37.664629,26230.0
Garissa,KE007,2023,Seasonal aggregate,0.493366,18.0,335.749827,240.279175,39.73322,18.652768,30.262995,1.62244,4.0,2.0,13.0,7.0,80.0,-0.52049,40.35559,179.0
Homa Bay,KE043,2023,Seasonal aggregate,1.174161,18.0,846.357802,734.102143,15.291559,47.019878,42.518351,0.904263,12.0,6.0,4.0,2.0,60.0,-0.562403,34.314532,72067.0
Isiolo,KE011,2023,Seasonal aggregate,0.589548,18.0,348.287952,173.962088,100.209112,19.349331,34.072651,1.760921,4.0,3.0,13.0,7.0,80.0,1.006385,38.747651,376.0
Kajiado,KE034,2023,Seasonal aggregate,0.108803,18.0,285.058989,373.466385,-23.672116,15.836611,23.333182,1.47337,3.0,2.0,11.0,5.0,80.0,-2.112369,36.777606,26479.0
Kakamega,KE037,2023,Seasonal aggregate,2.772673,18.0,1083.631573,951.356143,13.903881,60.201754,47.989607,0.797146,12.0,10.0,5.0,5.0,60.0,0.49719,34.800929,80894.0
Kericho,KE035,2023,Seasonal aggregate,2.528796,18.0,877.985068,795.027352,10.434574,48.776948,42.488577,0.871079,12.0,8.0,6.0,6.0,70.0,-0.316683,35.225997,52265.0
Kiambu,KE022,2023,Seasonal aggregate,0.987783,18.0,518.714287,695.396027,-25.407355,28.81746,33.551237,1.164268,8.0,3.0,7.0,4.0,70.0,-1.034385,36.843216,21961.0
Kilifi,KE003,2023,Seasonal aggregate,0.811846,18.0,552.425745,488.607513,13.061247,30.690319,49.662808,1.618191,9.0,2.0,7.0,7.0,80.0,-3.152441,39.672708,69069.0
Kirinyaga,KE020,2023,Seasonal aggregate,0.591584,18.0,698.895833,646.759723,8.061125,38.827546,49.522063,1.275436,10.0,5.0,4.0,4.0,80.0,-0.46735,37.301902,29685.0
Kisii,KE045,2023,Seasonal aggregate,1.563047,18.0,1053.0,925.845013,13.733939,58.5,45.892866,0.784493,12.0,9.0,3.0,2.0,60.0,-0.736677,34.75351,58972.0
Kisumu,KE042,2023,Seasonal aggregate,0.991729,18.0,941.318853,816.425122,15.297634,52.295492,43.488183,0.831586,12.0,8.0,5.0,5.0,60.0,-0.19438,34.777329,57780.0
Kitui,KE015,2023,Seasonal aggregate,0.196697,18.0,362.969913,272.434005,33.232235,20.164995,31.054451,1.540018,4.0,3.0,12.0,7.0,80.0,-1.56049,38.37181,63497.0
Kwale,KE002,2023,Seasonal aggregate,0.916879,18.0,582.698876,541.885007,7.531832,32.37216,50.194901,1.550558,9.0,3.0,6.0,6.0,80.0,-4.120591,39.066136,55124.0
Laikipia,KE031,2023,Seasonal aggregate,0.976586,18.0,412.490058,361.774838,14.018449,22.916114,27.476974,1.199024,7.0,2.0,7.0,7.0,70.0,0.289134,36.825248,28830.0
Lamu,KE005,2023,Seasonal aggregate,0.900817,18.0,544.098519,534.602138,1.776345,30.227695,62.511603,2.068024,9.0,1.0,8.0,8.0,80.0,-2.063679,40.54583,41452.0
Machakos,KE016,2023,Seasonal aggregate,0.394053,18.0,366.059114,412.340392,-11.224047,20.336617,26.992311,1.327276,6.0,3.0,10.0,6.0,80.0,-1.276237,37.394595,136275.0
Makueni,KE017,2023,Seasonal aggregate,0.34548,18.0,289.175092,334.183265,-13.468111,16.065283,25.78282,1.604878,4.0,1.0,12.0,7.0,80.0,-2.253637,37.876663,106226.0
Mandera,KE009,2023,Seasonal aggregate,0.216597,18.0,299.070066,189.924349,57.467996,16.615004,24.799716,1.49261,5.0,2.0,11.0,7.0,70.0,3.230964,40.711346,1901.0
Marsabit,KE010,2023,Seasonal aggregate,0.3375,18.0,321.336809,184.486778,74.178774,17.852045,27.643305,1.548467,5.0,2.0,12.0,7.0,70.0,2.86048,37.714884,200.0
Meru,KE012,2023,Seasonal aggregate,0.683675,18.0,735.986789,524.44141,40.337276,40.888155,68.503572,1.675389,6.0,4.0,8.0,6.0,80.0,0.229055,37.776111,79197.0
Migori,KE044,2023,Seasonal aggregate,1.577363,18.0,821.850573,753.103059,9.128567,45.658365,39.298293,0.860703,12.0,6.0,3.0,2.0,60.0,-1.018704,34.309173,86630.0
Mombasa,KE001,2023,Seasonal aggregate,0.364066,18.0,822.8,734.479994,12.024835,45.711111,70.607553,1.544647,10.0,5.0,7.0,7.0,80.0,-3.990448,39.70113,664.0
Murang'a,KE021,2023,Seasonal aggregate,0.679732,18.0,613.647063,695.837541,-11.811734,34.091503,42.199911,1.237842,8.0,4.0,6.0,4.0,70.0,-0.828519,37.004173,56542.0
Nairobi,KE047,2023,Seasonal aggregate,0.41813,18.0,364.576921,505.110248,-27.822308,20.254273,25.851149,1.276331,5.0,2.0,9.0,4.0,70.0,-1.300489,36.827926,730.0
Nakuru,KE032,2023,Seasonal aggregate,2.863187,18.0,511.462183,535.090196,-4.415707,28.414566,27.805517,0.978566,10.0,3.0,6.0,6.0,70.0,-0.458448,36.100384,79890.0
Nandi,KE029,2023,Seasonal aggregate,2.700057,18.0,948.208794,819.09963,15.762327,52.678266,46.607976,0.884767,11.0,8.0,5.0,5.0,60.0,0.227352,35.123876,68357.0
Narok,KE033,2023,Seasonal aggregate,0.754544,18.0,568.711832,591.197598,-3.803426,31.595102,30.984355,0.98067,10.0,3.0,5.0,3.0,70.0,-1.279878,35.476358,111966.0
Nyamira,KE046,2023,Seasonal aggregate,0.923901,18.0,1049.413772,912.7161,14.97702,58.300765,46.53233,0.798143,12.0,9.0,5.0,5.0,60.0,-0.649378,34.933398,39821.0
Nyandarua,KE018,2023,Seasonal aggregate,2.607017,18.0,528.064812,598.53858,-11.774307,29.336934,28.859096,0.983712,11.0,2.0,5.0,3.0,80.0,-0.389093,36.497431,17500.0
Nyeri,KE019,2023,Seasonal aggregate,2.384034,18.0,658.418185,644.133946,2.217588,36.578788,40.905869,1.118295,9.0,5.0,3.0,3.0,80.0,-0.314375,36.930473,13234.0
Samburu,KE025,2023,Seasonal aggregate,0.884124,18.0,391.41459,270.988171,44.439733,21.745255,33.00625,1.51786,6.0,2.0,12.0,7.0,70.0,1.541373,36.94154,21434.0
Siaya,KE041,2023,Seasonal aggregate,1.392002,18.0,965.012501,811.19542,18.961779,53.611806,45.447318,0.847711,12.0,9.0,5.0,5.0,70.0,-0.057674,34.199887,69661.0
Taita Taveta,KE006,2023,Seasonal aggregate,0.933063,18.0,301.292335,310.607723,-2.999084,16.738463,27.888596,1.666138,4.0,1.0,12.0,8.0,80.0,-3.405203,38.37176,10940.0
Tana River,KE004,2023,Seasonal aggregate,2.149442,18.0,278.545753,192.080568,45.015061,15.474764,23.373484,1.510426,4.0,1.0,13.0,7.0,80.0,-1.534918,39.550288,4441.0
Tharaka-Nithi,KE013,2023,Seasonal aggregate,0.646692,18.0,730.107141,547.091662,33.452434,40.561508,66.884203,1.648958,6.0,4.0,9.0,6.0,80.0,-0.191445,37.960417,27245.0
Trans Nzoia,KE026,2023,Seasonal aggregate,4.757859,18.0,642.746836,634.237966,1.341589,35.708158,31.537929,0.883214,10.0,7.0,7.0,6.0,70.0,1.045915,34.980778,105930.0
Turkana,KE023,2023,Seasonal aggregate,0.632812,18.0,212.632557,172.177661,23.496019,11.81292,19.662844,1.66452,4.0,1.0,14.0,7.0,70.0,3.162488,35.313492,3200.0
Uasin Gishu,KE027,2023,Seasonal aggregate,4.238787,18.0,632.405407,606.721928,4.233155,35.133634,37.729407,1.073883,10.0,6.0,6.0,6.0,70.0,0.478188,35.303799,106385.0
Vihiga,KE038,2023,Seasonal aggregate,0.67146,18.0,1198.578946,1006.033351,19.139087,66.587719,52.404637,0.787002,13.0,10.0,5.0,5.0,60.0,0.084857,34.707784,47817.0
Wajir,KE008,2023,Seasonal aggregate,0.3375,18.0,346.381827,193.53923,78.972411,19.243435,30.055597,1.561862,5.0,3.0,13.0,7.0,70.0,1.939715,40.024507,25.0
West Pokot,KE024,2023,Seasonal aggregate,1.621998,18.0,409.996602,443.09581,-7.469989,22.777589,27.928192,1.226126,9.0,2.0,8.0,7.0,70.0,1.893374,35.212768,51318.0
Baringo,KE030,2024,Seasonal aggregate,2.371842,18.0,645.683759,465.744538,38.634746,35.87132,38.11903,1.06266,9.0,4.0,4.0,3.0,81.0,0.726352,36.018591,41562.0
Bomet,KE036,2024,Seasonal aggregate,2.685691,18.0,1128.989476,842.724213,33.969033,62.721638,31.878118,0.508248,17.0,12.0,1.0,1.0,81.0,-0.716095,35.238459,27381.0
Bungoma,KE039,2024,Seasonal aggregate,2.678613,18.0,966.609994,854.742337,13.087881,53.700555,23.550428,0.438551,17.0,7.0,1.0,1.0,81.0,0.785694,34.718757,93337.0
Busia,KE040,2024,Seasonal aggregate,2.22954,18.0,1076.173069,900.425645,19.518261,59.787393,29.718978,0.497078,17.0,12.0,1.0,1.0,81.0,0.375707,34.265111,36308.0
Elgeyo-Marakwet,KE028,2024,Seasonal aggregate,3.84019,18.0,867.343434,657.566659,31.901979,48.185746,48.032233,0.996814,13.0,5.0,1.0,1.0,81.0,0.745102,35.560856,37969.0
Embu,KE014,2024,Seasonal aggregate,1.104323,18.0,892.186815,525.286081,69.847793,49.565934,67.017112,1.35208,9.0,5.0,6.0,3.0,81.0,-0.53283,37.664629,33047.0
Garissa,KE007,2024,Seasonal aggregate,0.929764,18.0,266.324397,240.279175,10.839567,14.7958,19.653951,1.328347,5.0,1.0,11.0,8.0,92.0,-0.52049,40.35559,127.0
Homa Bay,KE043,2024,Seasonal aggregate,1.550562,18.0,815.724766,734.102143,11.118701,45.318043,26.329411,0.580992,16.0,5.0,1.0,1.0,81.0,-0.562403,34.314532,75816.0
Isiolo,KE011,2024,Seasonal aggregate,0.845869,18.0,248.560243,173.962088,42.881846,13.808902,24.913831,1.804186,3.0,2.0,13.0,5.0,92.0,1.006385,38.747651,305.0
Kajiado,KE034,2024,Seasonal aggregate,1.657786,18.0,721.151692,373.466385,93.096814,40.063983,36.874459,0.920389,11.0,6.0,6.0,3.0,61.0,-2.112369,36.777606,13263.0
Kakamega,KE037,2024,Seasonal aggregate,1.735163,18.0,1127.010523,951.356143,18.463578,62.611696,22.898457,0.365722,17.0,13.0,1.0,1.0,81.0,0.49719,34.800929,82436.0
Kericho,KE035,2024,Seasonal aggregate,2.878228,18.0,990.26865,795.027352,24.557809,55.014925,30.034336,0.545931,17.0,10.0,1.0,1.0,81.0,-0.316683,35.225997,40541.0
Kiambu,KE022,2024,Seasonal aggregate,0.96801,18.0,1580.380954,695.396027,127.263443,87.798942,95.89129,1.092169,12.0,10.0,3.0,2.0,61.0,-1.034385,36.843216,27017.0
Kilifi,KE003,2024,Seasonal aggregate,1.093094,18.0,408.279704,488.607513,-16.44015,22.682206,18.17951,0.801488,10.0,3.0,7.0,6.0,81.0,-3.152441,39.672708,80446.0
Kirinyaga,KE020,2024,Seasonal aggregate,0.973772,18.0,1120.770827,646.759723,73.290139,62.265046,79.344416,1.274301,9.0,7.0,2.0,1.0,92.0,-0.46735,37.301902,34853.0
Kisii,KE045,2024,Seasonal aggregate,1.981455,18.0,1095.84999,925.845013,18.362142,60.880555,30.324742,0.498102,16.0,11.0,1.0,1.0,81.0,-0.736677,34.75351,69218.0
Kisumu,KE042,2024,Seasonal aggregate,2.176269,18.0,1017.652178,816.425122,24.647338,56.536232,27.859206,0.492767,17.0,10.0,1.0,1.0,81.0,-0.19438,34.777329,51803.0
Kitui,KE015,2024,Seasonal aggregate,0.69094,18.0,452.908724,272.434005,66.245298,25.161596,30.35684,1.206475,5.0,4.0,8.0,3.0,81.0,-1.56049,38.37181,81647.0
Kwale,KE002,2024,Seasonal aggregate,1.35441,18.0,437.02974,541.885007,-19.350096,24.27943,17.371616,0.715487,7.0,2.0,6.0,4.0,71.0,-4.120591,39.066136,63305.0
Laikipia,KE031,2024,Seasonal aggregate,1.879243,18.0,517.357612,361.774838,43.005416,28.74209,29.847877,1.038473,7.0,3.0,7.0,3.0,92.0,0.289134,36.825248,29773.0
Lamu,KE005,2024,Seasonal aggregate,1.642419,18.0,457.438414,534.602138,-14.43386,25.413245,30.290228,1.191907,7.0,3.0,7.0,7.0,92.0,-2.063679,40.54583,49751.0
Machakos,KE016,2024,Seasonal aggregate,1.1896,18.0,939.364563,412.340392,127.81289,52.18692,64.094971,1.228181,11.0,5.0,6.0,3.0,61.0,-1.276237,37.394595,143256.0
Makueni,KE017,2024,Seasonal aggregate,0.710292,18.0,638.937745,334.183265,91.193818,35.496541,38.870775,1.095058,10.0,5.0,7.0,3.0,61.0,-2.253637,37.876663,161462.0
Mandera,KE009,2024,Seasonal aggregate,0.912782,18.0,313.68171,189.924349,65.161398,17.426762,34.897384,2.002517,4.0,2.0,14.0,9.0,92.0,3.230964,40.711346,1772.0
Marsabit,KE010,2024,Seasonal aggregate,0.763859,18.0,284.328552,184.486778,54.118661,15.796031,26.099079,1.652256,3.0,2.0,13.0,5.0,92.0,2.86048,37.714884,1472.0
Meru,KE012,2024,Seasonal aggregate,1.084625,18.0,816.779734,524.44141,55.742799,45.376652,63.134296,1.391339,9.0,5.0,6.0,3.0,92.0,0.229055,37.776111,92374.0
Migori,KE044,2024,Seasonal aggregate,1.24458,18.0,721.06897,753.103059,-4.253613,40.059387,23.184863,0.578762,13.0,5.0,1.0,1.0,81.0,-1.018704,34.309173,79357.0
Mombasa,KE001,2024,Seasonal aggregate,1.286072,18.0,568.0,734.479994,-22.666376,31.555556,29.223872,0.926109,10.0,4.0,5.0,4.0,81.0,-3.990448,39.70113,639.0
Murang'a,KE021,2024,Seasonal aggregate,0.879698,18.0,1545.529406,695.837541,122.110667,85.862745,106.735654,1.243096,12.0,8.0,2.0,1.0,61.0,-0.828519,37.004173,67776.0
Nairobi,KE047,2024,Seasonal aggregate,0.844422,18.0,1129.115381,505.110248,123.538403,62.728632,68.14665,1.086372,11.0,10.0,5.0,3.0,61.0,-1.300489,36.827926,753.9
Nakuru,KE032,2024,Seasonal aggregate,2.555102,18.0,876.735311,535.090196,63.848136,48.707517,40.968029,0.841103,12.0,7.0,1.0,1.0,81.0,-0.458448,36.100384,65028.0
Nandi,KE029,2024,Seasonal aggregate,2.419236,18.0,980.79121,819.09963,19.74016,54.488401,25.005449,0.458913,17.0,10.0,1.0,1.0,81.0,0.227352,35.123876,70240.0
Narok,KE033,2024,Seasonal aggregate,1.857325,18.0,1035.324189,591.197598,75.123206,57.51801,42.568761,0.740094,14.0,8.0,1.0,1.0,81.0,-1.279878,35.476358,136403.0
Nyamira,KE046,2024,Seasonal aggregate,1.404797,18.0,1150.724151,912.7161,26.076899,63.929119,32.994316,0.516108,17.0,12.0,1.0,1.0,81.0,-0.649378,34.933398,52286.0
Nyandarua,KE018,2024,Seasonal aggregate,2.454338,18.0,1003.95372,598.53858,67.73417,55.775207,52.741733,0.945612,12.0,7.0,2.0,1.0,81.0,-0.389093,36.497431,24433.0
Nyeri,KE019,2024,Seasonal aggregate,0.860752,18.0,1120.46363,644.133946,73.948856,62.247979,63.692879,1.023212,12.0,7.0,1.0,1.0,81.0,-0.314375,36.930473,30117.0
Samburu,KE025,2024,Seasonal aggregate,2.749047,18.0,395.042331,270.988171,45.778441,21.946796,27.580668,1.256706,5.0,2.0,10.0,3.0,92.0,1.541373,36.94154,6194.0
Siaya,KE041,2024,Seasonal aggregate,1.687207,18.0,951.775003,811.19542,17.329928,52.876389,31.27867,0.591543,17.0,9.0,1.0,1.0,81.0,-0.057674,34.199887,72048.0
Taita Taveta,KE006,2024,Seasonal aggregate,1.898095,18.0,359.641712,310.607723,15.786468,19.980095,17.644038,0.883081,7.0,1.0,7.0,5.0,61.0,-3.405203,38.37176,16382.0
Tana River,KE004,2024,Seasonal aggregate,2.10836,18.0,213.874498,192.080568,11.346244,11.881917,10.727296,0.902825,4.0,0.0,12.0,6.0,81.0,-1.534918,39.550288,6037.0
Tharaka-Nithi,KE013,2024,Seasonal aggregate,1.740738,18.0,894.809529,547.091662,63.557515,49.71164,74.799902,1.504676,9.0,5.0,6.0,3.0,81.0,-0.191445,37.960417,25069.0
Trans Nzoia,KE026,2024,Seasonal aggregate,3.775115,18.0,726.101276,634.237966,14.484045,40.33896,28.673763,0.710821,14.0,4.0,0.0,0.0,81.0,1.045915,34.980778,124463.0
Turkana,KE023,2024,Seasonal aggregate,0.923019,18.0,256.69035,172.177661,49.084584,14.260575,17.951308,1.258807,3.0,1.0,11.0,5.0,92.0,3.162488,35.313492,2567.0
Uasin Gishu,KE027,2024,Seasonal aggregate,4.253789,18.0,761.540541,606.721928,25.517227,42.307808,34.39617,0.812998,14.0,5.0,2.0,2.0,81.0,0.478188,35.303799,117628.0
Vihiga,KE038,2024,Seasonal aggregate,1.419937,18.0,1254.789479,1006.033351,24.72643,69.710527,31.374784,0.450072,17.0,13.0,1.0,1.0,81.0,0.084857,34.707784,24916.0
Wajir,KE008,2024,Seasonal aggregate,0.865969,18.0,252.848571,193.53923,30.644609,14.047143,29.964111,2.133111,3.0,2.0,14.0,9.0,92.0,1.939715,40.024507,655.0
West Pokot,KE024,2024,Seasonal aggregate,2.058448,18.0,530.153064,443.09581,19.647501,29.452948,29.706672,1.008615,7.0,3.0,4.0,2.0,81.0,1.893374,35.212768,48974.0
