county,county_pcode,county_lat,county_lon,year,maize_area_ha,maize_production_t,yield_t_ha,season_basis,yield_qc_flag,rain_dekads_available,rain_total_jan_jun_mm,rain_lta_jan_jun_mm,rain_anomaly_pct,rain_mean_dekad_mm,rain_std_dekad_mm,rain_cv,wet_dekads_ge20mm,heavy_dekads_ge50mm,dry_dekads_lt10mm,longest_dry_spell_dekads,rain_onset_doy,crop_source,crop_source_url,rainfall_source,rainfall_source_url
Baringo,KE030,0.726352,36.018591,2012,29117.0,55805.04,1.916579,Annual,0,18.0,646.558406,465.744538,38.822542,35.919911,43.128035,1.200672,9.0,5.0,8.0,6.0,92.0,HarvestStat Africa v1.2,https://raw.githubusercontent.com/HarvestStat/HarvestStat-Africa/main/public/hvstat_africa_data_v1.2.csv,WFP HDX CHIRPS v2 dekadal indicators,https://data.humdata.org/dataset/ken-rainfall-subnational
Baringo,KE030,0.726352,36.018591,2013,34960.0,34959.96,0.999999,Annual,0,18.0,631.948731,465.744538,35.685699,35.108263,32.821812,0.934874,9.0,6.0,6.0,4.0,70.0,HarvestStat Africa v1.2,https://raw.githubusercontent.com/HarvestStat/HarvestStat-Africa/main/public/hvstat_africa_data_v1.2.csv,WFP HDX CHIRPS v2 dekadal indicators,https://data.humdata.org/dataset/ken-rainfall-subnational
Baringo,KE030,0.726352,36.018591,2014,44159.0,83313.0,1.88666,Annual,0,18.0,322.145298,465.744538,-30.83219,17.896961,13.995447,0.782001,9.0,1.0,8.0,4.0,70.0,HarvestStat Africa v1.2,https://raw.githubusercontent.com/HarvestStat/HarvestStat-Africa/main/public/hvstat_africa_data_v1.2.csv,WFP HDX CHIRPS v2 dekadal indicators,https://data.humdata.org/dataset/ken-rainfall-subnational
Baringo,KE030,0.726352,36.018591,2015,33163.0,72495.0,2.186021,Annual,0,18.0,390.111106,465.744538,-16.239253,21.672839,21.743954,1.003281,8.0,1.0,7.0,4.0,91.0,HarvestStat Africa v1.2,https://raw.githubusercontent.com/HarvestStat/HarvestStat-Africa/main/public/hvstat_africa_data_v1.2.csv,WFP HDX CHIRPS v2 dekadal indicators,https://data.humdata.org/dataset/ken-rainfall-subnational
Baringo,KE030,0.726352,36.018591,2016,33308.0,49840.5,1.496352,Annual,0,18.0,541.12821,465.744538,16.185627,30.062678,28.458778,0.946648,9.0,4.0,7.0,4.0,92.0,HarvestStat Africa v1.2,https://raw.githubusercontent.com/HarvestStat/HarvestStat-Africa/main/public/hvstat_africa_data_v1.2.csv,WFP HDX CHIRPS v2 dekadal indicators,https://data.humdata.org/dataset/ken-rainfall-subnational
Baringo,KE030,0.726352,36.018591,2017,37658.0,58475.6,1.552807,Annual,0,18.0,307.729343,465.744538,-33.927439,17.096075,11.878763,0.694824,6.0,0.0,7.0,2.0,121.0,HarvestStat Africa v1.2,https://raw.githubusercontent.com/HarvestStat/HarvestStat-Africa/main/public/hvstat_africa_data_v1.2.csv,WFP HDX CHIRPS v2 dekadal indicators,https://data.humdata.org/dataset/ken-rainfall-subnational
Baringo,KE030,0.726352,36.018591,2018,45171.0,70810.3,1.567605,Annual,0,18.0,966.826212,465.744538,107.587236,53.712567,41.566532,0.77387,11.0,10.0,6.0,6.0,60.0,HarvestStat Africa v1.2,https://raw.githubusercontent.com/HarvestStat/HarvestStat-Africa/main/public/hvstat_africa_data_v1.2.csv,WFP HDX CHIRPS v2 dekadal indicators,https://data.humdata.org/dataset/ken-rainfall-subnational
Baringo,KE030,0.726352,36.018591,2019,47437.0,68374.39,1.441373,Annual,0,18.0,377.544157,465.744538,-18.937502,20.974675,23.523307,1.12151,5.0,2.0,8.0,6.0,111.0,HarvestStat Africa v1.2,https://raw.githubusercontent.com/HarvestStat/HarvestStat-Africa/main/public/hvstat_africa_data_v1.2.csv,WFP HDX CHIRPS v2 dekadal indicators,https://data.humdata.org/dataset/ken-rainfall-subnational
Baringo,KE030,0.726352,36.018591,2020,34708.8,59169.0,1.704726,Annual,0,18.0,772.307698,465.744538,65.82217,42.905983,34.608428,0.806611,11.0,8.0,5.0,2.0,61.0,HarvestStat Africa v1.2,https://raw.githubusercontent.com/HarvestStat/HarvestStat-Africa/main/public/hvstat_africa_data_v1.2.csv,WFP HDX CHIRPS v2 dekadal indicators,https://data.humdata.org/dataset/ken-rainfall-subnational
Baringo,KE030,0.726352,36.018591,2021,31129.0,33003.09,1.060204,Seasonal aggregate,0,18.0,435.991459,465.744538,-6.388283,24.221748,32.88699,1.357746,6.0,1.0,6.0,3.0,111.0,HarvestStat Africa v1.2,https://raw.githubusercontent.com/HarvestStat/HarvestStat-Africa/main/public/hvstat_africa_data_v1.2.csv,WFP HDX CHIRPS v2 dekadal indicators,https://data.humdata.org/dataset/ken-rainfall-subnational
Baringo,KE030,0.726352,36.018591,2022,45498.0,59439.96,1.30643,Seasonal aggregate,0,18.0,368.062674,465.744538,-20.973271,20.447926,16.939607,0.828427,7.0,1.0,6.0,2.0,111.0,HarvestStat Africa v1.2,https://raw.githubusercontent.com/HarvestStat/HarvestStat-Africa/main/public/hvstat_africa_data_v1.2.csv,WFP HDX CHIRPS v2 dekadal indicators,https://data.humdata.org/dataset/ken-rainfall-subnational
Baringo,KE030,0.726352,36.018591,2023,50761.0,86950.98,1.712949,Seasonal aggregate,0,18.0,451.868946,465.744538,-2.979228,25.10383,29.167277,1.161866,9.0,4.0,8.0,7.0,70.0,HarvestStat Africa v1.2,https://raw.githubusercontent.com/HarvestStat/HarvestStat-Africa/main/public/hvstat_africa_data_v1.2.csv,WFP HDX CHIRPS v2 dekadal indicators,https://data.humdata.org/dataset/ken-rainfall-subnational
Baringo,KE030,0.726352,36.018591,2024,41562.0,98578.49,2.371842,Seasonal aggregate,0,18.0,645.683759,465.744538,38.634746,35.87132,38.11903,1.06266,9.0,4.0,4.0,3.0,81.0,HarvestStat Africa v1.2,https://raw.githubusercontent.com/HarvestStat/HarvestStat-Africa/main/public/hvstat_africa_data_v1.2.csv,WFP HDX CHIRPS v2 dekadal indicators,https://data.humdata.org/dataset/ken-rainfall-subnational
Bungoma,KE039,0.785694,34.718757,2012,92705.0,221586.03,2.390227,Annual,0,18.0,881.159986,854.742337,3.090715,48.953333,46.969543,0.959476,10.0,8.0,6.0,5.0,92.0,HarvestStat Africa v1.2,https://raw.githubusercontent.com/HarvestStat/HarvestStat-Africa/main/public/hvstat_africa_data_v1.2.csv,WFP HDX CHIRPS v2 dekadal indicators,https://data.humdata.org/dataset/ken-rainfall-subnational
Bungoma,KE039,0.785694,34.718757,2013,98074.0,267302.43,2.725518,Annual,0,18.0,908.719997,854.742337,6.31508,50.484444,40.66676,0.80553,13.0,6.0,3.0,2.0,60.0,HarvestStat Africa v1.2,https://raw.githubusercontent.com/HarvestStat/HarvestStat-Africa/main/public/hvstat_africa_data_v1.2.csv,WFP HDX CHIRPS v2 dekadal indicators,https://data.humdata.org/dataset/ken-rainfall-subnational
Bungoma,KE039,0.785694,34.718757,2014,97397.0,260266.0,2.672218,Annual,0,18.0,815.729993,854.742337,-4.564223,45.318333,34.196174,0.754577,13.0,8.0,2.0,1.0,70.0,HarvestStat Africa v1.2,https://raw.githubusercontent.com/HarvestStat/HarvestStat-Africa/main/public/hvstat_africa_data_v1.2.csv,WFP HDX CHIRPS v2 dekadal indicators,https://data.humdata.org/dataset/ken-rainfall-subnational
Bungoma,KE039,0.785694,34.718757,2015,100712.0,301068.0,2.989396,Annual,0,18.0,813.960004,854.742337,-4.771301,45.22,44.510458,0.984309,10.0,8.0,7.0,4.0,80.0,HarvestStat Africa v1.2,https://raw.githubusercontent.com/HarvestStat/HarvestStat-Africa/main/public/hvstat_africa_data_v1.2.csv,WFP HDX CHIRPS v2 dekadal indicators,https://data.humdata.org/dataset/ken-rainfall-subnational
Bungoma,KE039,0.785694,34.718757,2016,95323.0,290154.0,3.043903,Annual,0,18.0,874.129995,854.742337,2.268246,48.562778,39.599368,0.815426,12.0,7.0,3.0,2.0,61.0,HarvestStat Africa v1.2,https://raw.githubusercontent.com/HarvestStat/HarvestStat-Africa/main/public/hvstat_africa_data_v1.2.csv,WFP HDX CHIRPS v2 dekadal indicators,https://data.humdata.org/dataset/ken-rainfall-subnational
Bungoma,KE039,0.785694,34.718757,2017,93484.0,295481.1,3.160767,Annual,0,18.0,849.610017,854.742337,-0.600452,47.200557,29.408362,0.623051,14.0,7.0,3.0,2.0,70.0,HarvestStat Africa v1.2,https://raw.githubusercontent.com/HarvestStat/HarvestStat-Africa/main/public/hvstat_africa_data_v1.2.csv,WFP HDX CHIRPS v2 dekadal indicators,https://data.humdata.org/dataset/ken-rainfall-subnational
Bungoma,KE039,0.785694,34.718757,2018,94635.0,315710.75,3.336089,Annual,0,18.0,1165.150005,854.742337,36.315935,64.730556,48.077717,0.742736,14.0,10.0,4.0,4.0,60.0,HarvestStat Africa v1.2,https://raw.githubusercontent.com/HarvestStat/HarvestStat-Africa/main/public/hvstat_africa_data_v1.2.csv,WFP HDX CHIRPS v2 dekadal indicators,https://data.humdata.org/dataset/ken-rainfall-subnational
Bungoma,KE039,0.785694,34.718757,2019,87960.0,317912.33,3.614283,Annual,0,18.0,718.820001,854.742337,-15.902142,39.934444,33.020553,0.826869,11.0,6.0,4.0,2.0,80.0,HarvestStat Africa v1.2,https://raw.githubusercontent.com/HarvestStat/HarvestStat-Africa/main/public/hvstat_africa_data_v1.2.csv,WFP HDX CHIRPS v2 dekadal indicators,https://data.humdata.org/dataset/ken-rainfall-subnational
Bungoma,KE039,0.785694,34.718757,2020,93214.0,269443.0,2.890585,Annual,0,18.0,1184.600016,854.742337,38.591475,65.811112,40.340283,0.612971,14.0,12.0,2.0,1.0,61.0,HarvestStat Africa v1.2,https://raw.githubusercontent.com/HarvestStat/HarvestStat-Africa/main/public/hvstat_africa_data_v1.2.csv,WFP HDX CHIRPS v2 dekadal indicators,https://data.humdata.org/dataset/ken-rainfall-subnational
Bungoma,KE039,0.785694,34.718757,2021,96010.0,248324.4,2.586443,Seasonal aggregate,0,18.0,918.949994,854.742337,7.511931,51.052777,48.514955,0.95029,12.0,6.0,1.0,1.0,80.0,HarvestStat Africa v1.2,https://raw.githubusercontent.com/HarvestStat/HarvestStat-Africa/main/public/hvstat_africa_data_v1.2.csv,WFP HDX CHIRPS v2 dekadal indicators,https://data.humdata.org/dataset/ken-rainfall-subnational
Bungoma,KE039,0.785694,34.718757,2022,95454.0,289489.32,3.032763,Seasonal aggregate,0,18.0,828.240003,854.742337,-3.100623,46.013333,36.273988,0.788336,12.0,5.0,2.0,1.0,80.0,HarvestStat Africa v1.2,https://raw.githubusercontent.com/HarvestStat/HarvestStat-Africa/main/public/hvstat_africa_data_v1.2.csv,WFP HDX CHIRPS v2 dekadal indicators,https://data.humdata.org/dataset/ken-rainfall-subnational
Bungoma,KE039,0.785694,34.718757,2023,96339.0,289311.3,3.003055,Seasonal aggregate,0,18.0,865.999989,854.742337,1.317081,48.11111,37.363546,0.77661,12.0,10.0,5.0,5.0,70.0,HarvestStat Africa v1.2,https://raw.githubusercontent.com/HarvestStat/HarvestStat-Africa/main/public/hvstat_africa_data_v1.2.csv,WFP HDX CHIRPS v2 dekadal indicators,https://data.humdata.org/dataset/ken-rainfall-subnational
Bungoma,KE039,0.785694,34.718757,2024,93337.0,250013.73,2.678613,Seasonal aggregate,0,18.0,966.609994,854.742337,13.087881,53.700555,23.550428,0.438551,17.0,7.0,1.0,1.0,81.0,HarvestStat Africa v1.2,https://raw.githubusercontent.com/HarvestStat/HarvestStat-Africa/main/public/hvstat_africa_data_v1.2.csv,WFP HDX CHIRPS v2 dekadal indicators,https://data.humdata.org/dataset/ken-rainfall-subnational
Elgeyo-Marakwet,KE028,0.745102,35.560856,2012,32015.0,101335.77,3.165259,Annual,0,18.0,860.333319,657.566659,30.83591,47.796295,54.15509,1.133039,10.0,7.0,6.0,5.0,92.0,HarvestStat Africa v1.2,https://raw.githubusercontent.com/HarvestStat/HarvestStat-Africa/main/public/hvstat_africa_data_v1.2.csv,WFP HDX CHIRPS v2 dekadal indicators,https://data.humdata.org/dataset/ken-rainfall-subnational
Elgeyo-Marakwet,KE028,0.745102,35.560856,2013,27620.0,103448.43,3.745417,Annual,0,18.0,825.363625,657.566659,25.517864,45.853535,41.143075,0.897272,11.0,6.0,3.0,2.0,70.0,HarvestStat Africa v1.2,https://raw.githubusercontent.com/HarvestStat/HarvestStat-Africa/main/public/hvstat_africa_data_v1.2.csv,WFP HDX CHIRPS v2 dekadal indicators,https://data.humdata.org/dataset/ken-rainfall-subnational
Elgeyo-Marakwet,KE028,0.745102,35.560856,2014,33598.0,78020.0,2.322162,Annual,0,18.0,441.040404,657.566659,-32.928411,24.502245,18.683836,0.762536,9.0,2.0,6.0,4.0,70.0,HarvestStat Africa v1.2,https://raw.githubusercontent.com/HarvestStat/HarvestStat-Africa/main/public/hvstat_africa_data_v1.2.csv,WFP HDX CHIRPS v2 dekadal indicators,https://data.humdata.org/dataset/ken-rainfall-subnational
Elgeyo-Marakwet,KE028,0.745102,35.560856,2015,33315.0,75005.0,2.251388,Annual,0,18.0,549.131309,657.566659,-16.490397,30.507295,32.124302,1.053004,8.0,4.0,7.0,4.0,91.0,HarvestStat Africa v1.2,https://raw.githubusercontent.com/HarvestStat/HarvestStat-Africa/main/public/hvstat_africa_data_v1.2.csv,WFP HDX CHIRPS v2 dekadal indicators,https://data.humdata.org/dataset/ken-rainfall-subnational
Elgeyo-Marakwet,KE028,0.745102,35.560856,2016,28373.0,80823.15,2.848594,Annual,0,18.0,774.959601,657.566659,17.85263,43.053311,39.708295,0.922305,11.0,6.0,6.0,4.0,92.0,HarvestStat Africa v1.2,https://raw.githubusercontent.com/HarvestStat/HarvestStat-Africa/main/public/hvstat_africa_data_v1.2.csv,WFP HDX CHIRPS v2 dekadal indicators,https://data.humdata.org/dataset/ken-rainfall-subnational
Elgeyo-Marakwet,KE028,0.745102,35.560856,2017,30631.0,92601.42,3.023128,Annual,0,18.0,483.212122,657.566659,-26.515112,26.845118,18.835345,0.70163,11.0,3.0,4.0,2.0,80.0,HarvestStat Africa v1.2,https://raw.githubusercontent.com/HarvestStat/HarvestStat-Africa/main/public/hvstat_africa_data_v1.2.csv,WFP HDX CHIRPS v2 dekadal indicators,https://data.humdata.org/dataset/ken-rainfall-subnational
Elgeyo-Marakwet,KE028,0.745102,35.560856,2018,31779.0,104486.9,3.287923,Annual,0,18.0,1191.353529,657.566659,81.176085,66.186307,52.144355,0.787842,11.0,11.0,5.0,5.0,60.0,HarvestStat Africa v1.2,https://raw.githubusercontent.com/HarvestStat/HarvestStat-Africa/main/public/hvstat_africa_data_v1.2.csv,WFP HDX CHIRPS v2 dekadal indicators,https://data.humdata.org/dataset/ken-rainfall-subnational
Elgeyo-Marakwet,KE028,0.745102,35.560856,2019,25856.0,87431.25,3.381469,Annual,0,18.0,508.66667,657.566659,-22.64409,28.259259,27.49703,0.973027,10.0,3.0,7.0,5.0,111.0,HarvestStat Africa v1.2,https://raw.githubusercontent.com/HarvestStat/HarvestStat-Africa/main/public/hvstat_africa_data_v1.2.csv,WFP HDX CHIRPS v2 dekadal indicators,https://data.humdata.org/dataset/ken-rainfall-subnational
Elgeyo-Marakwet,KE028,0.745102,35.560856,2020,31351.0,86007.0,2.743357,Annual,0,18.0,1020.727266,657.566659,55.227953,56.70707,43.574063,0.768406,13.0,9.0,4.0,2.0,61.0,HarvestStat Africa v1.2,https://raw.githubusercontent.com/HarvestStat/HarvestStat-Africa/main/public/hvstat_africa_data_v1.2.csv,WFP HDX CHIRPS v2 dekadal indicators,https://data.humdata.org/dataset/ken-rainfall-subnational
Elgeyo-Marakwet,KE028,0.745102,35.560856,2021,30349.0,90836.82,2.993075,Seasonal aggregate,0,18.0,622.474751,657.566659,-5.336631,34.581931,48.57989,1.404777,9.0,2.0,3.0,2.0,91.0,HarvestStat Africa v1.2,https://raw.githubusercontent.com/HarvestStat/HarvestStat-Africa/main/public/hvstat_africa_data_v1.2.csv,WFP HDX CHIRPS v2 dekadal indicators,https://data.humdata.org/dataset/ken-rainfall-subnational
Elgeyo-Marakwet,KE028,0.745102,35.560856,2022,30358.0,94978.53,3.128616,Seasonal aggregate,0,18.0,498.313129,657.566659,-24.218614,27.684063,20.691978,0.747433,9.0,3.0,3.0,1.0,80.0,HarvestStat Africa v1.2,https://raw.githubusercontent.com/HarvestStat/HarvestStat-Africa/main/public/hvstat_africa_data_v1.2.csv,WFP HDX CHIRPS v2 dekadal indicators,https://data.humdata.org/dataset/ken-rainfall-subnational
Elgeyo-Marakwet,KE028,0.745102,35.560856,2023,31651.0,95192.91,3.00758,Seasonal aggregate,0,18.0,617.484857,657.566659,-6.095474,34.304714,38.911174,1.134281,10.0,4.0,7.0,6.0,70.0,HarvestStat Africa v1.2,https://raw.githubusercontent.com/HarvestStat/HarvestStat-Africa/main/public/hvstat_africa_data_v1.2.csv,WFP HDX CHIRPS v2 dekadal indicators,https://data.humdata.org/dataset/ken-rainfall-subnational
Elgeyo-Marakwet,KE028,0.745102,35.560856,2024,37969.0,145808.19,3.84019,Seasonal aggregate,0,18.0,867.343434,657.566659,31.901979,48.185746,48.032233,0.996814,13.0,5.0,1.0,1.0,81.0,HarvestStat Africa v1.2,https://raw.githubusercontent.com/HarvestStat/HarvestStat-Africa/main/public/hvstat_africa_data_v1.2.csv,WFP HDX CHIRPS v2 dekadal indicators,https://data.humdata.org/dataset/ken-rainfall-subnational
Kakamega,KE037,0.49719,34.800929,2012,73463.0,172682.55,2.350606,Annual,0,18.0,987.726313,951.356143,3.822982,54.873684,51.083523,0.930929,11.0,9.0,6.0,5.0,92.0,HarvestStat Africa v1.2,https://raw.githubusercontent.com/HarvestStat/HarvestStat-Africa/main/public/hvstat_africa_data_v1.2.csv,WFP HDX CHIRPS v2 dekadal indicators,https://data.humdata.org/dataset/ken-rainfall-subnational
Kakamega,KE037,0.49719,34.800929,2013,70993.0,182397.15,2.569227,Annual,0,18.0,1000.178947,951.356143,5.131917,55.565497,44.365276,0.798432,14.0,7.0,3.0,2.0,60.0,HarvestStat Africa v1.2,https://raw.githubusercontent.com/HarvestStat/HarvestStat-Africa/main/public/hvstat_africa_data_v1.2.csv,WFP HDX CHIRPS v2 dekadal indicators,https://data.humdata.org/dataset/ken-rainfall-subnational
Kakamega,KE037,0.49719,34.800929,2014,78271.0,224225.0,2.864726,Annual,0,18.0,933.021042,951.356143,-1.927259,51.834502,39.451475,0.761105,15.0,8.0,2.0,1.0,70.0,HarvestStat Africa v1.2,https://raw.githubusercontent.com/HarvestStat/HarvestStat-Africa/main/public/hvstat_africa_data_v1.2.csv,WFP HDX CHIRPS v2 dekadal indicators,https://data.humdata.org/dataset/ken-rainfall-subnational
Kakamega,KE037,0.49719,34.800929,2015,78344.0,172350.0,2.199913,Annual,0,18.0,954.210527,951.356143,0.300033,53.011696,49.948402,0.942215,11.0,9.0,7.0,4.0,80.0,HarvestStat Africa v1.2,https://raw.githubusercontent.com/HarvestStat/HarvestStat-Africa/main/public/hvstat_africa_data_v1.2.csv,WFP HDX CHIRPS v2 dekadal indicators,https://data.humdata.org/dataset/ken-rainfall-subnational
Kakamega,KE037,0.49719,34.800929,2016,90572.0,233466.45,2.577689,Annual,0,18.0,1027.968419,951.356143,8.052954,57.109357,48.202886,0.844045,12.0,9.0,2.0,2.0,61.0,HarvestStat Africa v1.2,https://raw.githubusercontent.com/HarvestStat/HarvestStat-Africa/main/public/hvstat_africa_data_v1.2.csv,WFP HDX CHIRPS v2 dekadal indicators,https://data.humdata.org/dataset/ken-rainfall-subnational
Kakamega,KE037,0.49719,34.800929,2017,95387.0,238290.55,2.498145,Annual,0,18.0,959.400004,951.356143,0.845515,53.3,35.756673,0.670857,14.0,9.0,2.0,2.0,70.0,HarvestStat Africa v1.2,https://raw.githubusercontent.com/HarvestStat/HarvestStat-Africa/main/public/hvstat_africa_data_v1.2.csv,WFP HDX CHIRPS v2 dekadal indicators,https://data.humdata.org/dataset/ken-rainfall-subnational
Kakamega,KE037,0.49719,34.800929,2018,95389.5,259002.99,2.715215,Annual,0,18.0,1277.589472,951.356143,34.291399,70.977193,48.177045,0.678768,14.0,10.0,4.0,4.0,60.0,HarvestStat Africa v1.2,https://raw.githubusercontent.com/HarvestStat/HarvestStat-Africa/main/public/hvstat_africa_data_v1.2.csv,WFP HDX CHIRPS v2 dekadal indicators,https://data.humdata.org/dataset/ken-rainfall-subnational
Kakamega,KE037,0.49719,34.800929,2019,83773.0,226888.01,2.708367,Annual,0,18.0,810.32631,951.356143,-14.824084,45.018128,37.464882,0.832218,11.0,7.0,4.0,2.0,80.0,HarvestStat Africa v1.2,https://raw.githubusercontent.com/HarvestStat/HarvestStat-Africa/main/public/hvstat_africa_data_v1.2.csv,WFP HDX CHIRPS v2 dekadal indicators,https://data.humdata.org/dataset/ken-rainfall-subnational
Kakamega,KE037,0.49719,34.800929,2020,98415.0,262506.0,2.667337,Annual,0,18.0,1375.378936,951.356143,44.570353,76.409941,44.001885,0.575866,15.0,12.0,1.0,1.0,61.0,HarvestStat Africa v1.2,https://raw.githubusercontent.com/HarvestStat/HarvestStat-Africa/main/public/hvstat_africa_data_v1.2.csv,WFP HDX CHIRPS v2 dekadal indicators,https://data.humdata.org/dataset/ken-rainfall-subnational
Kakamega,KE037,0.49719,34.800929,2021,95620.0,220535.55,2.306375,Seasonal aggregate,0,18.0,1082.378941,951.356143,13.772213,60.132163,56.848479,0.945392,16.0,7.0,1.0,1.0,70.0,HarvestStat Africa v1.2,https://raw.githubusercontent.com/HarvestStat/HarvestStat-Africa/main/public/hvstat_africa_data_v1.2.csv,WFP HDX CHIRPS v2 dekadal indicators,https://data.humdata.org/dataset/ken-rainfall-subnational
Kakamega,KE037,0.49719,34.800929,2022,83205.0,199609.2,2.399005,Seasonal aggregate,0,18.0,988.652632,951.356143,3.92035,54.925146,43.363153,0.789495,14.0,7.0,2.0,1.0,80.0,HarvestStat Africa v1.2,https://raw.githubusercontent.com/HarvestStat/HarvestStat-Africa/main/public/hvstat_africa_data_v1.2.csv,WFP HDX CHIRPS v2 dekadal indicators,https://data.humdata.org/dataset/ken-rainfall-subnational
Kakamega,KE037,0.49719,34.800929,2023,80894.0,224292.6,2.772673,Seasonal aggregate,0,18.0,1083.631573,951.356143,13.903881,60.201754,47.989607,0.797146,12.0,10.0,5.0,5.0,60.0,HarvestStat Africa v1.2,https://raw.githubusercontent.com/HarvestStat/HarvestStat-Africa/main/public/hvstat_africa_data_v1.2.csv,WFP HDX CHIRPS v2 dekadal indicators,https://data.humdata.org/dataset/ken-rainfall-subnational
Kakamega,KE037,0.49719,34.800929,2024,82436.0,143039.87,1.735163,Seasonal aggregate,0,18.0,1127.010523,951.356143,18.463578,62.611696,22.898457,0.365722,17.0,13.0,1.0,1.0,81.0,HarvestStat Africa v1.2,https://raw.githubusercontent.com/HarvestStat/HarvestStat-Africa/main/public/hvstat_africa_data_v1.2.csv,WFP HDX CHIRPS v2 dekadal indicators,https://data.humdata.org/dataset/ken-rainfall-subnational
Kericho,KE035,-0.316683,35.225997,2012,41170.0,80021.52,1.943685,Annual,0,18.0,875.343284,795.027352,10.102285,48.630182,47.786216,0.982645,11.0,8.0,6.0,5.0,92.0,HarvestStat Africa v1.2,https://raw.githubusercontent.com/HarvestStat/HarvestStat-Africa/main/public/hvstat_africa_data_v1.2.csv,WFP HDX CHIRPS v2 dekadal indicators,https://data.humdata.org/dataset/ken-rainfall-subnational
Kericho,KE035,-0.316683,35.225997,2013,41041.0,68912.73,1.679119,Annual,0,18.0,945.283582,795.027352,18.899505,52.515755,38.63343,0.735654,14.0,8.0,3.0,2.0,60.0,HarvestStat Africa v1.2,https://raw.githubusercontent.com/HarvestStat/HarvestStat-Africa/main/public/hvstat_africa_data_v1.2.csv,WFP HDX CHIRPS v2 dekadal indicators,https://data.humdata.org/dataset/ken-rainfall-subnational
Kericho,KE035,-0.316683,35.225997,2014,39602.0,85698.0,2.163982,Annual,0,18.0,682.850757,795.027352,-14.109778,37.936153,24.251354,0.639268,11.0,7.0,3.0,1.0,70.0,HarvestStat Africa v1.2,https://raw.githubusercontent.com/HarvestStat/HarvestStat-Africa/main/public/hvstat_africa_data_v1.2.csv,WFP HDX CHIRPS v2 dekadal indicators,https://data.humdata.org/dataset/ken-rainfall-subnational
Kericho,KE035,-0.316683,35.225997,2015,38086.0,91832.0,2.411175,Annual,0,18.0,797.895527,795.027352,0.360764,44.327529,38.257331,0.86306,11.0,9.0,6.0,4.0,80.0,HarvestStat Africa v1.2,https://raw.githubusercontent.com/HarvestStat/HarvestStat-Africa/main/public/hvstat_africa_data_v1.2.csv,WFP HDX CHIRPS v2 dekadal indicators,https://data.humdata.org/dataset/ken-rainfall-subnational
Kericho,KE035,-0.316683,35.225997,2016,32843.0,103244.85,3.143588,Annual,0,18.0,939.910434,795.027352,18.22366,52.217246,41.922612,0.80285,11.0,7.0,3.0,2.0,92.0,HarvestStat Africa v1.2,https://raw.githubusercontent.com/HarvestStat/HarvestStat-Africa/main/public/hvstat_africa_data_v1.2.csv,WFP HDX CHIRPS v2 dekadal indicators,https://data.humdata.org/dataset/ken-rainfall-subnational
Kericho,KE035,-0.316683,35.225997,2017,33461.0,105402.15,3.15,Annual,0,18.0,688.582081,795.027352,-13.388882,38.25456,28.656759,0.749107,13.0,5.0,3.0,2.0,80.0,HarvestStat Africa v1.2,https://raw.githubusercontent.com/HarvestStat/HarvestStat-Africa/main/public/hvstat_africa_data_v1.2.csv,WFP HDX CHIRPS v2 dekadal indicators,https://data.humdata.org/dataset/ken-rainfall-subnational
Kericho,KE035,-0.316683,35.225997,2018,32050.0,85815.0,2.677535,Annual,0,18.0,1251.477593,795.027352,57.413149,69.526533,46.096582,0.663007,13.0,12.0,3.0,2.0,60.0,HarvestStat Africa v1.2,https://raw.githubusercontent.com/HarvestStat/HarvestStat-Africa/main/public/hvstat_africa_data_v1.2.csv,WFP HDX CHIRPS v2 dekadal indicators,https://data.humdata.org/dataset/ken-rainfall-subnational
Kericho,KE035,-0.316683,35.225997,2019,34397.0,92730.9,2.695901,Annual,0,18.0,663.432828,795.027352,-16.552201,36.857379,36.846142,0.999695,10.0,5.0,5.0,4.0,111.0,HarvestStat Africa v1.2,https://raw.githubusercontent.com/HarvestStat/HarvestStat-Africa/main/public/hvstat_africa_data_v1.2.csv,WFP HDX CHIRPS v2 dekadal indicators,https://data.humdata.org/dataset/ken-rainfall-subnational
Kericho,KE035,-0.316683,35.225997,2020,35068.0,98746.0,2.815844,Annual,0,18.0,1147.970141,795.027352,44.393792,63.776119,41.701435,0.653872,16.0,10.0,1.0,1.0,61.0,HarvestStat Africa v1.2,https://raw.githubusercontent.com/HarvestStat/HarvestStat-Africa/main/public/hvstat_africa_data_v1.2.csv,WFP HDX CHIRPS v2 dekadal indicators,https://data.humdata.org/dataset/ken-rainfall-subnational
Kericho,KE035,-0.316683,35.225997,2021,48338.0,104381.55,2.15941,Seasonal aggregate,0,18.0,934.089534,795.027352,17.491497,51.893863,41.74401,0.804411,16.0,6.0,0.0,0.0,70.0,HarvestStat Africa v1.2,https://raw.githubusercontent.com/HarvestStat/HarvestStat-Africa/main/public/hvstat_africa_data_v1.2.csv,WFP HDX CHIRPS v2 dekadal indicators,https://data.humdata.org/dataset/ken-rainfall-subnational
Kericho,KE035,-0.316683,35.225997,2022,41122.0,117383.67,2.854522,Seasonal aggregate,0,18.0,912.432846,795.027352,14.767479,50.690714,34.368684,0.678007,14.0,7.0,1.0,1.0,80.0,HarvestStat Africa v1.2,https://raw.githubusercontent.com/HarvestStat/HarvestStat-Africa/main/public/hvstat_africa_data_v1.2.csv,WFP HDX CHIRPS v2 dekadal indicators,https://data.humdata.org/dataset/ken-rainfall-subnational
Kericho,KE035,-0.316683,35.225997,2023,52265.0,132167.52,2.528796,Seasonal aggregate,0,18.0,877.985068,795.027352,10.434574,48.776948,42.488577,0.871079,12.0,8.0,6.0,6.0,70.0,HarvestStat Africa v1.2,https://raw.githubusercontent.com/HarvestStat/HarvestStat-Africa/main/public/hvstat_africa_data_v1.2.csv,WFP HDX CHIRPS v2 dekadal indicators,https://data.humdata.org/dataset/ken-rainfall-subnational
Kericho,KE035,-0.316683,35.225997,2024,40541.0,116686.25,2.878228,Seasonal aggregate,0,18.0,990.26865,795.027352,24.557809,55.014925,30.034336,0.545931,17.0,10.0,1.0,1.0,81.0,HarvestStat Africa v1.2,https://raw.githubusercontent.com/HarvestStat/HarvestStat-Africa/main/public/hvstat_africa_data_v1.2.csv,WFP HDX CHIRPS v2 dekadal indicators,https://data.humdata.org/dataset/ken-rainfall-subnational
Nandi,KE029,0.227352,35.123876,2012,70519.0,170033.76,2.411177,Annual,0,18.0,859.978025,819.09963,4.99065,47.776557,46.960023,0.982909,11.0,7.0,6.0,5.0,92.0,HarvestStat Africa v1.2,https://raw.githubusercontent.com/HarvestStat/HarvestStat-Africa/main/public/hvstat_africa_data_v1.2.csv,WFP HDX CHIRPS v2 dekadal indicators,https://data.humdata.org/dataset/ken-rainfall-subnational
Nandi,KE029,0.227352,35.123876,2013,74045.0,167219.19,2.258345,Annual,0,18.0,937.406595,819.09963,14.443538,52.078144,40.512594,0.777919,14.0,8.0,2.0,2.0,60.0,HarvestStat Africa v1.2,https://raw.githubusercontent.com/HarvestStat/HarvestStat-Africa/main/public/hvstat_africa_data_v1.2.csv,WFP HDX CHIRPS v2 dekadal indicators,https://data.humdata.org/dataset/ken-rainfall-subnational
Nandi,KE029,0.227352,35.123876,2014,67593.0,189229.0,2.799535,Annual,0,18.0,741.505497,819.09963,-9.473101,41.19475,28.918482,0.701994,12.0,8.0,3.0,1.0,70.0,HarvestStat Africa v1.2,https://raw.githubusercontent.com/HarvestStat/HarvestStat-Africa/main/public/hvstat_africa_data_v1.2.csv,WFP HDX CHIRPS v2 dekadal indicators,https://data.humdata.org/dataset/ken-rainfall-subnational
Nandi,KE029,0.227352,35.123876,2015,69933.0,204437.0,2.923327,Annual,0,18.0,795.252744,819.09963,-2.911354,44.180708,41.840109,0.947022,11.0,9.0,7.0,4.0,80.0,HarvestStat Africa v1.2,https://raw.githubusercontent.com/HarvestStat/HarvestStat-Africa/main/public/hvstat_africa_data_v1.2.csv,WFP HDX CHIRPS v2 dekadal indicators,https://data.humdata.org/dataset/ken-rainfall-subnational
Nandi,KE029,0.227352,35.123876,2016,64578.0,207505.38,3.213252,Annual,0,18.0,934.494509,819.09963,14.088015,51.916362,43.804739,0.843756,12.0,8.0,3.0,2.0,92.0,HarvestStat Africa v1.2,https://raw.githubusercontent.com/HarvestStat/HarvestStat-Africa/main/public/hvstat_africa_data_v1.2.csv,WFP HDX CHIRPS v2 dekadal indicators,https://data.humdata.org/dataset/ken-rainfall-subnational
Nandi,KE029,0.227352,35.123876,2017,67451.0,229736.3,3.405973,Annual,0,18.0,746.769232,819.09963,-8.830476,41.48718,26.58695,0.640847,14.0,6.0,3.0,2.0,80.0,HarvestStat Africa v1.2,https://raw.githubusercontent.com/HarvestStat/HarvestStat-Africa/main/public/hvstat_africa_data_v1.2.csv,WFP HDX CHIRPS v2 dekadal indicators,https://data.humdata.org/dataset/ken-rainfall-subnational
Nandi,KE029,0.227352,35.123876,2018,66627.0,184127.08,2.763551,Annual,0,18.0,1219.824172,819.09963,48.922564,67.76801,46.069966,0.679819,13.0,11.0,3.0,2.0,60.0,HarvestStat Africa v1.2,https://raw.githubusercontent.com/HarvestStat/HarvestStat-Africa/main/public/hvstat_africa_data_v1.2.csv,WFP HDX CHIRPS v2 dekadal indicators,https://data.humdata.org/dataset/ken-rainfall-subnational
Nandi,KE029,0.227352,35.123876,2019,59746.0,165866.42,2.776193,Annual,0,18.0,638.010993,819.09963,-22.108255,35.445055,31.637965,0.892592,10.0,5.0,4.0,2.0,91.0,HarvestStat Africa v1.2,https://raw.githubusercontent.com/HarvestStat/HarvestStat-Africa/main/public/hvstat_africa_data_v1.2.csv,WFP HDX CHIRPS v2 dekadal indicators,https://data.humdata.org/dataset/ken-rainfall-subnational
Nandi,KE029,0.227352,35.123876,2020,26825.0,64175.0,2.392358,Annual,0,18.0,1187.791213,819.09963,45.011812,65.988401,42.612939,0.645764,15.0,12.0,1.0,1.0,61.0,HarvestStat Africa v1.2,https://raw.githubusercontent.com/HarvestStat/HarvestStat-Africa/main/public/hvstat_africa_data_v1.2.csv,WFP HDX CHIRPS v2 dekadal indicators,https://data.humdata.org/dataset/ken-rainfall-subnational
Nandi,KE029,0.227352,35.123876,2021,76606.0,188517.6,2.460873,Seasonal aggregate,0,18.0,983.263724,819.09963,20.042018,54.625762,48.710894,0.89172,16.0,6.0,1.0,1.0,70.0,HarvestStat Africa v1.2,https://raw.githubusercontent.com/HarvestStat/HarvestStat-Africa/main/public/hvstat_africa_data_v1.2.csv,WFP HDX CHIRPS v2 dekadal indicators,https://data.humdata.org/dataset/ken-rainfall-subnational
Nandi,KE029,0.227352,35.123876,2022,59812.0,172740.15,2.888052,Seasonal aggregate,0,18.0,855.439559,819.09963,4.43657,47.52442,34.78746,0.731991,13.0,7.0,3.0,2.0,80.0,HarvestStat Africa v1.2,https://raw.githubusercontent.com/HarvestStat/HarvestStat-Africa/main/public/hvstat_africa_data_v1.2.csv,WFP HDX CHIRPS v2 dekadal indicators,https://data.humdata.org/dataset/ken-rainfall-subnational
Nandi,KE029,0.227352,35.123876,2023,68357.0,184567.77,2.700057,Seasonal aggregate,0,18.0,948.208794,819.09963,15.762327,52.678266,46.607976,0.884767,11.0,8.0,5.0,5.0,60.0,HarvestStat Africa v1.2,https://raw.githubusercontent.com/HarvestStat/HarvestStat-Africa/main/public/hvstat_africa_data_v1.2.csv,WFP HDX CHIRPS v2 dekadal indicators,https://data.humdata.org/dataset/ken-rainfall-subnational
Nandi,KE029,0.227352,35.123876,2024,70240.0,169927.13,2.419236,Seasonal aggregate,0,18.0,980.79121,819.09963,19.74016,54.488401,25.005449,0.458913,17.0,10.0,1.0,1.0,81.0,HarvestStat Africa v1.2,https://raw.githubusercontent.com/HarvestStat/HarvestStat-Africa/main/public/hvstat_africa_data_v1.2.csv,WFP HDX CHIRPS v2 dekadal indicators,https://data.humdata.org/dataset/ken-rainfall-subnational
Trans Nzoia,KE026,1.045915,34.980778,2012,105310.0,425301.39,4.038566,Annual,0,18.0,775.037996,634.237966,22.199874,43.057666,45.10871,1.047635,10.0,6.0,6.0,5.0,92.0,HarvestStat Africa v1.2,https://raw.githubusercontent.com/HarvestStat/HarvestStat-Africa/main/public/hvstat_africa_data_v1.2.csv,WFP HDX CHIRPS v2 dekadal indicators,https://data.humdata.org/dataset/ken-rainfall-subnational
Trans Nzoia,KE026,1.045915,34.980778,2013,106778.0,451348.2,4.226977,Annual,0,18.0,762.784819,634.237966,20.267921,42.376934,36.150393,0.853068,12.0,6.0,3.0,2.0,70.0,HarvestStat Africa v1.2,https://raw.githubusercontent.com/HarvestStat/HarvestStat-Africa/main/public/hvstat_africa_data_v1.2.csv,WFP HDX CHIRPS v2 dekadal indicators,https://data.humdata.org/dataset/ken-rainfall-subnational
Trans Nzoia,KE026,1.045915,34.980778,2014,106800.0,413415.0,3.870927,Annual,0,18.0,505.556967,634.237966,-20.289072,28.086498,23.015416,0.819448,9.0,4.0,6.0,4.0,70.0,HarvestStat Africa v1.2,https://raw.githubusercontent.com/HarvestStat/HarvestStat-Africa/main/public/hvstat_africa_data_v1.2.csv,WFP HDX CHIRPS v2 dekadal indicators,https://data.humdata.org/dataset/ken-rainfall-subnational
Trans Nzoia,KE026,1.045915,34.980778,2015,106303.0,406434.0,3.823354,Annual,0,18.0,596.759495,634.237966,-5.909213,33.153305,33.693856,1.016305,9.0,4.0,7.0,4.0,91.0,HarvestStat Africa v1.2,https://raw.githubusercontent.com/HarvestStat/HarvestStat-Africa/main/public/hvstat_africa_data_v1.2.csv,WFP HDX CHIRPS v2 dekadal indicators,https://data.humdata.org/dataset/ken-rainfall-subnational
Trans Nzoia,KE026,1.045915,34.980778,2016,96557.0,356769.44,3.69491,Annual,0,18.0,744.62026,634.237966,17.403924,41.367792,34.890214,0.843415,11.0,6.0,6.0,4.0,92.0,HarvestStat Africa v1.2,https://raw.githubusercontent.com/HarvestStat/HarvestStat-Africa/main/public/hvstat_africa_data_v1.2.csv,WFP HDX CHIRPS v2 dekadal indicators,https://data.humdata.org/dataset/ken-rainfall-subnational
Trans Nzoia,KE026,1.045915,34.980778,2017,107681.0,548196.01,5.090926,Annual,0,18.0,599.202534,634.237966,-5.52402,33.28903,21.191285,0.636585,13.0,3.0,4.0,2.0,80.0,HarvestStat Africa v1.2,https://raw.githubusercontent.com/HarvestStat/HarvestStat-Africa/main/public/hvstat_africa_data_v1.2.csv,WFP HDX CHIRPS v2 dekadal indicators,https://data.humdata.org/dataset/ken-rainfall-subnational
Trans Nzoia,KE026,1.045915,34.980778,2018,106549.0,426499.0,4.002844,Annual,0,18.0,1042.759499,634.237966,64.411397,57.931083,44.351555,0.765592,11.0,11.0,5.0,5.0,60.0,HarvestStat Africa v1.2,https://raw.githubusercontent.com/HarvestStat/HarvestStat-Africa/main/public/hvstat_africa_data_v1.2.csv,WFP HDX CHIRPS v2 dekadal indicators,https://data.humdata.org/dataset/ken-rainfall-subnational
Trans Nzoia,KE026,1.045915,34.980778,2019,104850.0,489055.5,4.664335,Annual,0,18.0,565.291142,634.237966,-10.870813,31.405063,28.276607,0.900384,10.0,5.0,6.0,5.0,80.0,HarvestStat Africa v1.2,https://raw.githubusercontent.com/HarvestStat/HarvestStat-Africa/main/public/hvstat_africa_data_v1.2.csv,WFP HDX CHIRPS v2 dekadal indicators,https://data.humdata.org/dataset/ken-rainfall-subnational
Trans Nzoia,KE026,1.045915,34.980778,2020,105190.0,410402.0,3.901531,Annual,0,18.0,963.227854,634.237966,51.87168,53.512659,36.298066,0.678308,13.0,10.0,5.0,2.0,61.0,HarvestStat Africa v1.2,https://raw.githubusercontent.com/HarvestStat/HarvestStat-Africa/main/public/hvstat_africa_data_v1.2.csv,WFP HDX CHIRPS v2 dekadal indicators,https://data.humdata.org/dataset/ken-rainfall-subnational
Trans Nzoia,KE026,1.045915,34.980778,2021,105160.0,407898.0,3.878832,Seasonal aggregate,0,18.0,668.822781,634.237966,5.452971,37.156821,44.469171,1.196797,11.0,3.0,3.0,2.0,80.0,HarvestStat Africa v1.2,https://raw.githubusercontent.com/HarvestStat/HarvestStat-Africa/main/public/hvstat_africa_data_v1.2.csv,WFP HDX CHIRPS v2 dekadal indicators,https://data.humdata.org/dataset/ken-rainfall-subnational
Trans Nzoia,KE026,1.045915,34.980778,2022,102900.0,407484.0,3.96,Seasonal aggregate,0,18.0,576.113928,634.237966,-9.16439,32.006329,25.818433,0.806666,11.0,3.0,4.0,2.0,80.0,HarvestStat Africa v1.2,https://raw.githubusercontent.com/HarvestStat/HarvestStat-Africa/main/public/hvstat_africa_data_v1.2.csv,WFP HDX CHIRPS v2 dekadal indicators,https://data.humdata.org/dataset/ken-rainfall-subnational
Trans Nzoia,KE026,1.045915,34.980778,2023,105930.0,504000.0,4.757859,Seasonal aggregate,0,18.0,642.746836,634.237966,1.341589,35.708158,31.537929,0.883214,10.0,7.0,7.0,6.0,70.0,HarvestStat Africa v1.2,https://raw.githubusercontent.com/HarvestStat/HarvestStat-Africa/main/public/hvstat_africa_data_v1.2.csv,WFP HDX CHIRPS v2 dekadal indicators,https://data.humdata.org/dataset/ken-rainfall-subnational
Trans Nzoia,KE026,1.045915,34.980778,2024,124463.0,469862.15,3.775115,Seasonal aggregate,0,18.0,726.101276,634.237966,14.484045,40.33896,28.673763,0.710821,14.0,4.0,0.0,0.0,81.0,HarvestStat Africa v1.2,https://raw.githubusercontent.com/HarvestStat/HarvestStat-Africa/main/public/hvstat_africa_data_v1.2.csv,WFP HDX CHIRPS v2 dekadal indicators,https://data.humdata.org/dataset/ken-rainfall-subnational
Uasin Gishu,KE027,0.478188,35.303799,2012,88790.0,363562.2,4.09463,Annual,0,18.0,753.810805,606.721928,24.243211,41.878378,44.699169,1.067357,10.0,6.0,7.0,6.0,92.0,HarvestStat Africa v1.2,https://raw.githubusercontent.com/HarvestStat/HarvestStat-Africa/main/public/hvstat_africa_data_v1.2.csv,WFP HDX CHIRPS v2 dekadal indicators,https://data.humdata.org/dataset/ken-rainfall-subnational
Uasin Gishu,KE027,0.478188,35.303799,2013,96654.0,380226.69,3.933895,Annual,0,18.0,755.567559,606.721928,24.532759,41.975975,35.506394,0.845874,10.0,7.0,4.0,2.0,70.0,HarvestStat Africa v1.2,https://raw.githubusercontent.com/HarvestStat/HarvestStat-Africa/main/public/hvstat_africa_data_v1.2.csv,WFP HDX CHIRPS v2 dekadal indicators,https://data.humdata.org/dataset/ken-rainfall-subnational
Uasin Gishu,KE027,0.478188,35.303799,2014,104078.0,405121.0,3.892475,Annual,0,18.0,462.594594,606.721928,-23.755089,25.6997,18.696912,0.727515,9.0,2.0,6.0,4.0,70.0,HarvestStat Africa v1.2,https://raw.githubusercontent.com/HarvestStat/HarvestStat-Africa/main/public/hvstat_africa_data_v1.2.csv,WFP HDX CHIRPS v2 dekadal indicators,https://data.humdata.org/dataset/ken-rainfall-subnational
Uasin Gishu,KE027,0.478188,35.303799,2015,102753.0,405440.0,3.945773,Annual,0,18.0,542.612603,606.721928,-10.566509,30.145145,32.084205,1.064324,9.0,4.0,7.0,4.0,91.0,HarvestStat Africa v1.2,https://raw.githubusercontent.com/HarvestStat/HarvestStat-Africa/main/public/hvstat_africa_data_v1.2.csv,WFP HDX CHIRPS v2 dekadal indicators,https://data.humdata.org/dataset/ken-rainfall-subnational
Uasin Gishu,KE027,0.478188,35.303799,2016,101279.0,335030.5,3.307996,Annual,0,18.0,729.837844,606.721928,20.291984,40.546547,34.578119,0.852801,11.0,7.0,5.0,4.0,92.0,HarvestStat Africa v1.2,https://raw.githubusercontent.com/HarvestStat/HarvestStat-Africa/main/public/hvstat_africa_data_v1.2.csv,WFP HDX CHIRPS v2 dekadal indicators,https://data.humdata.org/dataset/ken-rainfall-subnational
Uasin Gishu,KE027,0.478188,35.303799,2017,95209.0,405459.68,4.258628,Annual,0,18.0,456.135142,606.721928,-24.819737,25.340841,16.704698,0.659201,11.0,1.0,5.0,2.0,80.0,HarvestStat Africa v1.2,https://raw.githubusercontent.com/HarvestStat/HarvestStat-Africa/main/public/hvstat_africa_data_v1.2.csv,WFP HDX CHIRPS v2 dekadal indicators,https://data.humdata.org/dataset/ken-rainfall-subnational
Uasin Gishu,KE027,0.478188,35.303799,2018,100081.0,324366.0,3.241035,Annual,0,18.0,1051.243254,606.721928,73.266072,58.402403,44.773973,0.766646,11.0,11.0,5.0,5.0,60.0,HarvestStat Africa v1.2,https://raw.githubusercontent.com/HarvestStat/HarvestStat-Africa/main/public/hvstat_africa_data_v1.2.csv,WFP HDX CHIRPS v2 dekadal indicators,https://data.humdata.org/dataset/ken-rainfall-subnational
Uasin Gishu,KE027,0.478188,35.303799,2019,106999.0,379318.77,3.545068,Annual,0,18.0,465.729722,606.721928,-23.238357,25.873873,24.817046,0.959155,9.0,3.0,8.0,6.0,111.0,HarvestStat Africa v1.2,https://raw.githubusercontent.com/HarvestStat/HarvestStat-Africa/main/public/hvstat_africa_data_v1.2.csv,WFP HDX CHIRPS v2 dekadal indicators,https://data.humdata.org/dataset/ken-rainfall-subnational
Uasin Gishu,KE027,0.478188,35.303799,2020,104645.0,385400.0,3.682928,Annual,0,18.0,935.315301,606.721928,54.158809,51.961961,41.926848,0.806876,12.0,9.0,4.0,2.0,61.0,HarvestStat Africa v1.2,https://raw.githubusercontent.com/HarvestStat/HarvestStat-Africa/main/public/hvstat_africa_data_v1.2.csv,WFP HDX CHIRPS v2 dekadal indicators,https://data.humdata.org/dataset/ken-rainfall-subnational
Uasin Gishu,KE027,0.478188,35.303799,2021,104581.0,345414.15,3.302838,Seasonal aggregate,0,18.0,624.657654,606.721928,2.956169,34.703203,38.91932,1.121491,10.0,3.0,3.0,2.0,80.0,HarvestStat Africa v1.2,https://raw.githubusercontent.com/HarvestStat/HarvestStat-Africa/main/public/hvstat_africa_data_v1.2.csv,WFP HDX CHIRPS v2 dekadal indicators,https://data.humdata.org/dataset/ken-rainfall-subnational
Uasin Gishu,KE027,0.478188,35.303799,2022,102000.0,367200.0,3.6,Seasonal aggregate,0,18.0,500.67568,606.721928,-17.478559,27.815316,20.487546,0.736556,11.0,1.0,4.0,2.0,80.0,HarvestStat Africa v1.2,https://raw.githubusercontent.com/HarvestStat/HarvestStat-Africa/main/public/hvstat_africa_data_v1.2.csv,WFP HDX CHIRPS v2 dekadal indicators,https://data.humdata.org/dataset/ken-rainfall-subnational
Uasin Gishu,KE027,0.478188,35.303799,2023,106385.0,450943.38,4.238787,Seasonal aggregate,0,18.0,632.405407,606.721928,4.233155,35.133634,37.729407,1.073883,10.0,6.0,6.0,6.0,70.0,HarvestStat Africa v1.2,https://raw.githubusercontent.com/HarvestStat/HarvestStat-Africa/main/public/hvstat_africa_data_v1.2.csv,WFP HDX CHIRPS v2 dekadal indicators,https://data.humdata.org/dataset/ken-rainfall-subnational
Uasin Gishu,KE027,0.478188,35.303799,2024,117628.0,500364.65,4.253789,Seasonal aggregate,0,18.0,761.540541,606.721928,25.517227,42.307808,34.39617,0.812998,14.0,5.0,2.0,2.0,81.0,HarvestStat Africa v1.2,https://raw.githubusercontent.com/HarvestStat/HarvestStat-Africa/main/public/hvstat_africa_data_v1.2.csv,WFP HDX CHIRPS v2 dekadal indicators,https://data.humdata.org/dataset/ken-rainfall-subnational
Vihiga,KE038,0.084857,34.707784,2012,24195.0,36240.75,1.497861,Annual,0,18.0,976.368436,1006.033351,-2.948701,54.242691,46.57497,0.85864,12.0,10.0,5.0,4.0,81.0,HarvestStat Africa v1.2,https://raw.githubusercontent.com/HarvestStat/HarvestStat-Africa/main/public/hvstat_africa_data_v1.2.csv,WFP HDX CHIRPS v2 dekadal indicators,https://data.humdata.org/dataset/ken-rainfall-subnational
Vihiga,KE038,0.084857,34.707784,2013,23772.0,36605.07,1.53984,Annual,0,18.0,1025.263158,1006.033351,1.911448,56.959064,44.319667,0.778097,14.0,6.0,2.0,1.0,60.0,HarvestStat Africa v1.2,https://raw.githubusercontent.com/HarvestStat/HarvestStat-Africa/main/public/hvstat_africa_data_v1.2.csv,WFP HDX CHIRPS v2 dekadal indicators,https://data.humdata.org/dataset/ken-rainfall-subnational
Vihiga,KE038,0.084857,34.707784,2014,35105.0,43927.0,1.251303,Annual,0,18.0,986.052623,1006.033351,-1.98609,54.780701,39.018771,0.712272,14.0,9.0,2.0,1.0,70.0,HarvestStat Africa v1.2,https://raw.githubusercontent.com/HarvestStat/HarvestStat-Africa/main/public/hvstat_africa_data_v1.2.csv,WFP HDX CHIRPS v2 dekadal indicators,https://data.humdata.org/dataset/ken-rainfall-subnational
Vihiga,KE038,0.084857,34.707784,2015,36283.07,50289.0,1.386018,Annual,0,18.0,1043.999989,1006.033351,3.773895,57.999999,52.598983,0.906879,11.0,9.0,7.0,4.0,80.0,HarvestStat Africa v1.2,https://raw.githubusercontent.com/HarvestStat/HarvestStat-Africa/main/public/hvstat_africa_data_v1.2.csv,WFP HDX CHIRPS v2 dekadal indicators,https://data.humdata.org/dataset/ken-rainfall-subnational
Vihiga,KE038,0.084857,34.707784,2016,29190.0,43374.0,1.48592,Annual,0,18.0,1102.842119,1006.033351,9.622819,61.269007,54.820498,0.894751,12.0,7.0,1.0,1.0,61.0,HarvestStat Africa v1.2,https://raw.githubusercontent.com/HarvestStat/HarvestStat-Africa/main/public/hvstat_africa_data_v1.2.csv,WFP HDX CHIRPS v2 dekadal indicators,https://data.humdata.org/dataset/ken-rainfall-subnational
Vihiga,KE038,0.084857,34.707784,2017,25090.0,35129.0,1.40012,Annual,0,18.0,1111.631559,1006.033351,10.496492,61.757309,42.929176,0.695127,15.0,10.0,3.0,2.0,70.0,HarvestStat Africa v1.2,https://raw.githubusercontent.com/HarvestStat/HarvestStat-Africa/main/public/hvstat_africa_data_v1.2.csv,WFP HDX CHIRPS v2 dekadal indicators,https://data.humdata.org/dataset/ken-rainfall-subnational
Vihiga,KE038,0.084857,34.707784,2018,28560.0,38207.8,1.337808,Annual,0,18.0,1293.842124,1006.033351,28.608274,71.880118,45.635039,0.634877,14.0,10.0,2.0,1.0,60.0,HarvestStat Africa v1.2,https://raw.githubusercontent.com/HarvestStat/HarvestStat-Africa/main/public/hvstat_africa_data_v1.2.csv,WFP HDX CHIRPS v2 dekadal indicators,https://data.humdata.org/dataset/ken-rainfall-subnational
Vihiga,KE038,0.084857,34.707784,2019,25134.0,30566.24,1.216131,Annual,0,18.0,897.578937,1006.033351,-10.780399,49.865496,39.401119,0.790148,14.0,8.0,4.0,2.0,91.0,HarvestStat Africa v1.2,https://raw.githubusercontent.com/HarvestStat/HarvestStat-Africa/main/public/hvstat_africa_data_v1.2.csv,WFP HDX CHIRPS v2 dekadal indicators,https://data.humdata.org/dataset/ken-rainfall-subnational
Vihiga,KE038,0.084857,34.707784,2020,22340.0,24191.0,1.082856,Annual,0,18.0,1406.42106,1006.033351,39.798652,78.134503,42.558382,0.544681,17.0,12.0,0.0,0.0,61.0,HarvestStat Africa v1.2,https://raw.githubusercontent.com/HarvestStat/HarvestStat-Africa/main/public/hvstat_africa_data_v1.2.csv,WFP HDX CHIRPS v2 dekadal indicators,https://data.humdata.org/dataset/ken-rainfall-subnational
Vihiga,KE038,0.084857,34.707784,2021,22290.0,31115.52,1.395941,Seasonal aggregate,0,18.0,1177.105261,1006.033351,17.004596,65.394737,54.86755,0.839021,17.0,7.0,0.0,0.0,70.0,HarvestStat Africa v1.2,https://raw.githubusercontent.com/HarvestStat/HarvestStat-Africa/main/public/hvstat_africa_data_v1.2.csv,WFP HDX CHIRPS v2 dekadal indicators,https://data.humdata.org/dataset/ken-rainfall-subnational
Vihiga,KE038,0.084857,34.707784,2022,50310.0,56616.12,1.125345,Seasonal aggregate,0,18.0,1196.736855,1006.033351,18.955982,66.485381,54.258679,0.816099,14.0,8.0,3.0,1.0,101.0,HarvestStat Africa v1.2,https://raw.githubusercontent.com/HarvestStat/HarvestStat-Africa/main/public/hvstat_africa_data_v1.2.csv,WFP HDX CHIRPS v2 dekadal indicators,https://data.humdata.org/dataset/ken-rainfall-subnational
Vihiga,KE038,0.084857,34.707784,2023,47817.0,32107.185,0.67146,Seasonal aggregate,0,18.0,1198.578946,1006.033351,19.139087,66.587719,52.404637,0.787002,13.0,10.0,5.0,5.0,60.0,HarvestStat Africa v1.2,https://raw.githubusercontent.com/HarvestStat/HarvestStat-Africa/main/public/hvstat_africa_data_v1.2.csv,WFP HDX CHIRPS v2 dekadal indicators,https://data.humdata.org/dataset/ken-rainfall-subnational
Vihiga,KE038,0.084857,34.707784,2024,24916.0,35379.15,1.419937,Seasonal aggregate,0,18.0,1254.789479,1006.033351,24.72643,69.710527,31.374784,0.450072,17.0,13.0,1.0,1.0,81.0,HarvestStat Africa v1.2,https://raw.githubusercontent.com/HarvestStat/HarvestStat-Africa/main/public/hvstat_africa_data_v1.2.csv,WFP HDX CHIRPS v2 dekadal indicators,https://data.humdata.org/dataset/ken-rainfall-subnational
West Pokot,KE024,1.893374,35.212768,2012,19380.0,54745.74,2.824858,Annual,0,18.0,575.877564,443.09581,29.966827,31.993198,37.957682,1.18643,8.0,4.0,8.0,6.0,92.0,HarvestStat Africa v1.2,https://raw.githubusercontent.com/HarvestStat/HarvestStat-Africa/main/public/hvstat_africa_data_v1.2.csv,WFP HDX CHIRPS v2 dekadal indicators,https://data.humdata.org/dataset/ken-rainfall-subnational
West Pokot,KE024,1.893374,35.212768,2013,19748.0,46341.27,2.346631,Annual,0,18.0,549.166665,443.09581,23.938582,30.509259,31.262123,1.024677,7.0,4.0,5.0,3.0,70.0,HarvestStat Africa v1.2,https://raw.githubusercontent.com/HarvestStat/HarvestStat-Africa/main/public/hvstat_africa_data_v1.2.csv,WFP HDX CHIRPS v2 dekadal indicators,https://data.humdata.org/dataset/ken-rainfall-subnational
West Pokot,KE024,1.893374,35.212768,2014,33124.0,60251.0,1.818953,Annual,0,18.0,247.034014,443.09581,-44.248172,13.724112,12.183914,0.887774,5.0,0.0,9.0,7.0,70.0,HarvestStat Africa v1.2,https://raw.githubusercontent.com/HarvestStat/HarvestStat-Africa/main/public/hvstat_africa_data_v1.2.csv,WFP HDX CHIRPS v2 dekadal indicators,https://data.humdata.org/dataset/ken-rainfall-subnational
West Pokot,KE024,1.893374,35.212768,2015,29143.0,69151.0,2.372817,Annual,0,18.0,390.857138,443.09581,-11.789475,21.714285,25.614108,1.179597,7.0,2.0,8.0,8.0,91.0,HarvestStat Africa v1.2,https://raw.githubusercontent.com/HarvestStat/HarvestStat-Africa/main/public/hvstat_africa_data_v1.2.csv,WFP HDX CHIRPS v2 dekadal indicators,https://data.humdata.org/dataset/ken-rainfall-subnational
West Pokot,KE024,1.893374,35.212768,2016,34450.0,54000.0,1.567489,Annual,0,18.0,541.003401,443.09581,22.096257,30.055745,30.986365,1.030963,8.0,4.0,7.0,4.0,92.0,HarvestStat Africa v1.2,https://raw.githubusercontent.com/HarvestStat/HarvestStat-Africa/main/public/hvstat_africa_data_v1.2.csv,WFP HDX CHIRPS v2 dekadal indicators,https://data.humdata.org/dataset/ken-rainfall-subnational
West Pokot,KE024,1.893374,35.212768,2017,32172.0,61840.0,1.922168,Annual,0,18.0,332.581636,443.09581,-24.941372,18.476758,13.309329,0.720328,7.0,0.0,6.0,2.0,121.0,HarvestStat Africa v1.2,https://raw.githubusercontent.com/HarvestStat/HarvestStat-Africa/main/public/hvstat_africa_data_v1.2.csv,WFP HDX CHIRPS v2 dekadal indicators,https://data.humdata.org/dataset/ken-rainfall-subnational
West Pokot,KE024,1.893374,35.212768,2018,36720.0,82848.5,2.256223,Annual,0,18.0,818.578239,443.09581,84.740686,45.476569,39.987437,0.879298,11.0,8.0,6.0,6.0,60.0,HarvestStat Africa v1.2,https://raw.githubusercontent.com/HarvestStat/HarvestStat-Africa/main/public/hvstat_africa_data_v1.2.csv,WFP HDX CHIRPS v2 dekadal indicators,https://data.humdata.org/dataset/ken-rainfall-subnational
West Pokot,KE024,1.893374,35.212768,2019,32354.0,48531.0,1.5,Annual,0,18.0,358.258502,443.09581,-19.146493,19.90325,20.324544,1.021167,7.0,2.0,8.0,6.0,111.0,HarvestStat Africa v1.2,https://raw.githubusercontent.com/HarvestStat/HarvestStat-Africa/main/public/hvstat_africa_data_v1.2.csv,WFP HDX CHIRPS v2 dekadal indicators,https://data.humdata.org/dataset/ken-rainfall-subnational
West Pokot,KE024,1.893374,35.212768,2020,34911.0,53193.0,1.523674,Annual,0,18.0,701.65307,443.09581,58.35245,38.980726,31.279716,0.802441,12.0,6.0,5.0,2.0,61.0,HarvestStat Africa v1.2,https://raw.githubusercontent.com/HarvestStat/HarvestStat-Africa/main/public/hvstat_africa_data_v1.2.csv,WFP HDX CHIRPS v2 dekadal indicators,https://data.humdata.org/dataset/ken-rainfall-subnational
West Pokot,KE024,1.893374,35.212768,2021,39732.0,71517.6,1.8,Seasonal aggregate,0,18.0,401.642851,443.09581,-9.355304,22.313492,34.392663,1.541339,5.0,2.0,8.0,7.0,111.0,HarvestStat Africa v1.2,https://raw.githubusercontent.com/HarvestStat/HarvestStat-Africa/main/public/hvstat_africa_data_v1.2.csv,WFP HDX CHIRPS v2 dekadal indicators,https://data.humdata.org/dataset/ken-rainfall-subnational
West Pokot,KE024,1.893374,35.212768,2022,36575.0,66617.01,1.821381,Seasonal aggregate,0,18.0,322.479591,443.09581,-27.22125,17.915533,17.621388,0.983582,5.0,2.0,8.0,3.0,101.0,HarvestStat Africa v1.2,https://raw.githubusercontent.com/HarvestStat/HarvestStat-Africa/main/public/hvstat_africa_data_v1.2.csv,WFP HDX CHIRPS v2 dekadal indicators,https://data.humdata.org/dataset/ken-rainfall-subnational
West Pokot,KE024,1.893374,35.212768,2023,51318.0,83237.67,1.621998,Seasonal aggregate,0,18.0,409.996602,443.09581,-7.469989,22.777589,27.928192,1.226126,9.0,2.0,8.0,7.0,70.0,HarvestStat Africa v1.2,https://raw.githubusercontent.com/HarvestStat/HarvestStat-Africa/main/public/hvstat_africa_data_v1.2.csv,WFP HDX CHIRPS v2 dekadal indicators,https://data.humdata.org/dataset/ken-rainfall-subnational
West Pokot,KE024,1.893374,35.212768,2024,48974.0,100810.45,2.058448,Seasonal aggregate,0,18.0,530.153064,443.09581,19.647501,29.452948,29.706672,1.008615,7.0,3.0,4.0,2.0,81.0,HarvestStat Africa v1.2,https://raw.githubusercontent.com/HarvestStat/HarvestStat-Africa/main/public/hvstat_africa_data_v1.2.csv,WFP HDX CHIRPS v2 dekadal indicators,https://data.humdata.org/dataset/ken-rainfall-subnational
